airport_id,ref_time,interval_1_Arrival,interval_2_Arrival,interval_3_Arrival,interval_4_Arrival,interval_5_Arrival,interval_6_Arrival,interval_7_Arrival,interval_8_Arrival,interval_9_Arrival,interval_10_Arrival,interval_11_Arrival,interval_12_Arrival,interval_1_ETD,interval_2_ETD,interval_3_ETD,interval_4_ETD,interval_5_ETD,interval_6_ETD,interval_7_ETD,interval_8_ETD,interval_9_ETD,interval_10_ETD,interval_11_ETD,interval_12_ETD,interval_1_TFM,interval_2_TFM,interval_3_TFM,interval_4_TFM,interval_5_TFM,interval_6_TFM,interval_7_TFM,interval_8_TFM,interval_9_TFM,interval_10_TFM,interval_11_TFM,interval_12_TFM,interval_1_TBFM,interval_2_TBFM,interval_3_TBFM,interval_4_TBFM,interval_5_TBFM,interval_6_TBFM,interval_7_TBFM,interval_8_TBFM,interval_9_TBFM,interval_10_TBFM,interval_11_TBFM,interval_12_TBFM,temperature,wind_direction,wind_speed,wind_gust,cloud_ceiling,visibility,cloud,lightning_prob,precip,departure_runways,arrival_runways
KATL,2022-12-23 00:52:00,76,64,68,56,64,68,56,76,44,48,44,40,317,307,434,116,297,321,236,325,407,455,273,396,1743,1720,2233,2218,2431,2222,2843,3208,1762,1850,1973,1529,1820,1763,3048,3175,3296,3188,5735,4867,1667,3434,3038,2557,46.0,20.0,5.0,0.0,3.0,5.0,4.0,0.0,0.0,2,3
KATL,2022-12-23 01:53:00,60,64,68,68,40,48,48,36,24,12,16,24,295,327,231,343,422,451,296,350,347,473,265,161,2327,2387,2989,3215,1508,2014,1922,1386,1419,484,636,1085,3133,3522,5714,4688,1693,3497,3097,2360,1749,673,767,1753,46.0,18.0,3.0,0.0,3.0,5.0,4.0,0.0,0.0,2,3
KATL,2022-12-23 02:01:00,64,56,76,56,40,44,48,24,28,12,16,24,358,274,276,373,456,383,311,343,419,398,182,144,2048,2785,3223,2260,1269,2145,2098,1165,1020,605,624,1120,2563,4823,5851,2456,2864,3168,2894,1720,1609,688,696,2073,46.0,18.0,3.0,0.0,3.0,5.0,4.0,0.0,0.0,2,3
KATL,2022-12-23 02:07:00,68,56,76,44,48,44,40,20,16,16,20,20,321,236,325,407,455,273,396,336,452,294,170,147,2222,2843,3208,1762,1850,1973,1529,1415,536,622,1076,892,3188,5735,4867,1667,3434,3038,2557,1579,950,665,1591,1297,46.0,18.0,3.0,0.0,3.0,5.0,4.0,0.0,0.0,2,3
KATL,2022-12-23 02:56:00,36,48,48,32,24,12,16,24,20,20,16,16,436,420,310,346,365,438,242,144,177,127,70,123,1233,2175,1981,1107,1349,497,608,1226,760,702,948,714,2165,3379,3121,1685,2098,360,672,2070,1662,1003,1511,1025,46.0,19.0,11.0,0.0,2.0,3.0,4.0,0.0,0.0,2,3
KATL,2022-12-23 03:52:00,20,16,16,20,20,20,24,12,16,12,8,0,336,452,294,170,147,150,87,116,91,100,59,38,1415,536,622,1076,892,690,872,737,395,538,454,145,1579,950,665,1591,1297,1630,1510,1272,736,656,793,148,45.0,20.0,12.0,0.0,2.0,3.0,4.0,0.0,0.0,2,3
KATL,2022-12-23 04:57:00,20,20,20,16,12,8,8,4,4,20,0,8,184,120,65,134,108,61,53,36,13,10,7,23,716,738,942,690,493,237,495,201,197,576,434,332,1614,1204,1355,1014,691,617,643,379,90,1335,9,517,46.0,23.0,16.0,23.0,2.0,3.0,4.0,0.0,1.0,2,3
KATL,2022-12-23 05:59:00,16,8,4,4,4,20,0,8,0,4,4,4,109,68,44,35,11,10,7,23,16,8,0,0,581,157,462,202,260,633,322,324,451,81,183,207,695,526,487,397,238,1178,0,868,0,302,280,143,46.0,23.0,20.0,28.0,3.0,7.0,4.0,0.0,0.0,2,3
KATL,2022-12-23 06:54:00,4,20,4,8,0,4,4,4,0,4,4,4,15,9,6,11,28,10,0,0,0,2,3,3,181,560,524,66,681,120,175,213,50,46,484,325,207,1285,131,337,531,2,444,279,0,213,98,661,47.0,25.0,22.0,32.0,4.0,7.0,4.0,0.0,1.0,2,3
KATL,2022-12-23 07:09:00,20,4,8,0,4,4,4,0,4,4,4,12,9,6,11,28,10,0,0,0,2,3,3,4,560,524,66,681,120,175,213,50,46,484,325,179,1285,131,337,531,2,444,279,0,213,98,661,570,47.0,25.0,22.0,32.0,4.0,7.0,4.0,0.0,1.0,2,3
KATL,2022-12-23 07:56:00,0,4,4,4,0,4,8,4,8,8,16,16,28,9,0,0,0,2,3,3,5,33,22,6,619,78,184,214,35,47,532,283,249,832,376,1232,497,132,450,143,0,213,359,662,499,541,1421,1313,44.0,29.0,26.0,40.0,4.0,7.0,4.0,0.0,0.0,2,3
KATL,2022-12-23 08:55:00,0,4,4,4,12,4,20,16,4,16,16,40,0,2,3,3,4,34,22,6,13,42,119,61,32,45,496,318,223,799,350,1113,985,854,705,1505,0,213,227,610,601,613,1431,1177,1035,352,1004,2190,40.0,30.0,26.0,37.0,4.0,7.0,4.0,0.0,0.0,2,3
KATL,2022-12-23 09:53:00,12,4,20,12,8,12,20,36,36,44,40,52,4,34,22,6,3,41,123,60,100,127,221,315,161,884,339,989,1144,642,897,1439,1326,1013,1897,2000,583,716,1276,974,1299,458,974,1954,1628,1684,1789,1949,31.0,31.0,27.0,40.0,5.0,7.0,4.0,0.0,0.0,2,3
KATL,2022-12-23 10:02:00,12,16,12,12,4,16,28,44,36,48,40,52,10,39,16,2,19,72,124,105,18,224,267,327,655,544,668,1341,498,1075,944,1288,1357,1565,1531,2075,925,780,766,1601,607,646,1696,2073,1395,1774,1791,2280,31.0,31.0,27.0,40.0,5.0,7.0,4.0,0.0,0.0,2,3
KATL,2022-12-23 10:52:00,8,12,20,28,44,36,48,48,56,48,64,60,3,40,108,75,100,104,235,321,211,282,344,315,1149,530,968,1298,1467,989,1765,2104,1391,1955,2640,2069,1320,608,919,1891,1620,1749,1848,1678,2052,1847,4477,3685,24.0,32.0,27.0,38.0,8.0,7.0,4.0,0.0,0.0,2,3
KATL,2022-12-23 11:53:00,36,44,40,52,52,52,64,60,56,48,48,56,100,127,221,315,216,276,348,334,340,365,316,520,1326,1013,1897,2000,1374,1969,2708,2011,2265,2646,2138,2657,1628,1684,1789,1949,1858,1946,4718,3588,3991,3324,3801,4458,20.0,30.0,25.0,36.0,8.0,7.0,3.0,0.0,0.0,2,3
KATL,2022-12-23 12:07:00,36,48,48,56,48,64,60,60,44,52,48,52,104,235,321,211,282,344,315,325,393,319,524,307,989,1765,2104,1391,1955,2640,2069,2065,2704,2315,2507,1769,1749,1848,1678,2052,1847,4477,3685,4107,3017,3944,4495,3057,20.0,30.0,25.0,36.0,8.0,7.0,3.0,0.0,0.0,2,3
KATL,2022-12-23 12:53:00,52,52,64,60,56,48,48,56,52,24,48,24,216,276,348,334,340,365,316,520,320,622,690,743,1374,1969,2708,2011,2265,2646,2138,2657,1654,1500,1374,1369,1858,1946,4718,3588,3991,3324,3801,4458,2966,1652,3263,1037,16.0,30.0,23.0,33.0,8.0,7.0,3.0,0.0,0.0,2,3
KATL,2022-12-23 13:23:00,64,60,56,48,48,56,52,24,48,24,32,24,348,334,340,365,316,520,320,622,690,743,460,457,2708,2011,2265,2646,2138,2657,1654,1500,1374,1369,1345,624,4718,3588,3991,3324,3801,4458,2966,1652,3263,1037,1535,869,16.0,30.0,23.0,33.0,8.0,7.0,3.0,0.0,0.0,2,3
KATL,2022-12-23 13:53:00,56,48,48,56,52,24,48,24,32,24,40,24,340,365,316,520,320,622,690,743,460,457,531,425,2265,2646,2138,2657,1654,1500,1374,1369,1345,624,1452,901,3991,3324,3801,4458,2966,1652,3263,1037,1535,869,2497,1208,17.0,31.0,27.0,37.0,8.0,7.0,2.0,0.0,0.0,2,3
KATL,2022-12-23 13:58:00,56,48,48,48,56,36,24,36,32,24,40,24,378,379,295,471,471,653,667,681,435,454,602,340,2310,2686,2496,1963,1757,1375,1253,1344,1365,712,1423,766,4376,3578,3481,4181,2804,1743,2378,1423,1428,943,2391,1239,17.0,31.0,27.0,37.0,8.0,7.0,2.0,0.0,0.0,2,3
KATL,2022-12-23 14:52:00,52,32,48,24,28,28,40,24,28,36,56,64,307,563,730,727,488,459,520,454,413,393,273,246,1769,1495,1419,1398,1226,748,1424,889,1133,903,2145,2597,3057,1878,3176,917,1714,779,2464,1325,1868,1108,3666,3022,16.0,31.0,24.0,34.0,8.0,7.0,1.0,0.0,0.0,2,3
KATL,2022-12-23 15:55:00,32,28,36,24,28,40,64,52,48,56,64,60,450,461,569,389,405,371,270,255,257,253,310,350,1471,533,1551,757,1179,973,2829,2088,2626,2548,2282,2485,1582,888,2556,1063,1857,1545,3929,2940,3829,3428,4547,3601,19.0,31.0,22.0,30.0,8.0,7.0,1.0,0.0,0.0,2,3
KATL,2022-12-23 16:52:00,28,36,56,64,40,52,68,60,44,56,48,56,413,393,273,246,275,238,318,327,237,370,369,461,1133,903,2145,2597,2675,1816,3061,2612,1587,1971,3625,1705,1868,1108,3666,3022,3369,3559,4825,3776,2073,2398,3578,3794,20.0,31.0,23.0,32.0,8.0,7.0,1.0,0.0,0.0,2,3
KATL,2022-12-23 17:58:00,52,56,68,52,36,72,44,40,52,36,56,72,195,238,313,350,223,439,371,397,301,284,377,474,2505,2741,2572,1906,1807,2394,3269,2430,2054,2588,2480,3126,4471,3785,3739,3453,2041,3453,3683,2097,4820,2558,3683,5238,22.0,30.0,22.0,30.0,8.0,7.0,2.0,0.0,0.0,2,3
KATL,2022-12-23 18:56:00,40,68,48,40,48,40,52,72,44,48,44,68,211,410,388,439,270,262,394,442,324,323,256,296,1630,2348,3563,1971,2320,2540,2613,3063,1984,1766,2116,3877,1974,3602,3284,2562,4346,3035,3344,5036,3324,1908,2935,7693,22.0,30.0,21.0,28.0,8.0,7.0,1.0,0.0,0.0,2,3
KATL,2022-12-23 19:53:00,36,52,40,72,56,44,48,56,80,60,36,48,243,298,394,393,379,321,281,285,230,340,312,352,2545,2193,2823,2912,2434,1660,1791,4226,2435,2518,1370,3472,3608,3682,2783,5221,3324,2150,2499,7555,5542,4037,1576,4179,22.0,30.0,23.0,31.0,8.0,7.0,1.0,0.0,0.0,2,3
KATL,2022-12-23 20:53:00,56,44,48,56,80,60,36,48,60,68,68,60,379,321,281,285,230,340,312,352,237,350,212,199,2434,1660,1791,4226,2435,2518,1370,3472,2558,2865,3640,3141,3324,2150,2499,7555,5542,4037,1576,4179,4428,5256,6513,6105,20.0,30.0,20.0,28.0,8.0,7.0,1.0,0.0,0.0,2,3
KATL,2022-12-23 21:53:00,80,60,36,48,60,68,68,60,24,0,0,0,230,340,312,352,237,350,212,199,199,55,76,63,2435,2518,1370,3472,2558,2865,3640,3141,2177,2725,2313,2120,5542,4037,1576,4179,4428,5256,6513,6105,2844,4823,4028,2721,19.0,31.0,19.0,28.0,8.0,7.0,1.0,0.0,0.0,2,3
KATL,2022-12-23 22:52:00,64,64,72,52,32,0,0,0,0,0,0,0,218,366,197,214,205,58,74,64,96,72,60,81,2705,2596,3736,3153,2228,2749,2361,2091,1077,1605,1193,581,4723,5098,6578,5795,3056,4899,4205,2552,3015,3628,2483,691,16.0,31.0,18.0,25.0,8.0,7.0,1.0,0.0,0.0,2,3
KATL,2022-12-23 23:54:00,24,0,0,0,0,0,0,0,0,0,0,0,196,49,80,60,108,60,62,80,101,71,53,61,2356,2567,2278,1993,1362,1320,1307,382,399,414,247,280,2921,4789,3934,2928,2485,4104,1973,651,170,449,20,3,14.0,30.0,16.0,26.0,8.0,7.0,1.0,0.0,0.0,2,3
KCLT,2022-12-23 00:54:00,40,40,50,50,110,140,110,60,50,70,40,30,192,360,448,353,306,222,123,66,58,50,153,234,283,633,769,551,1782,1595,1860,892,1003,869,473,270,339,581,1242,977,2082,2929,3613,2958,2508,2708,1402,629,44.0,22.0,6.0,0.0,2.0,5.0,4.0,0.0,0.0,2,3
KCLT,2022-12-23 01:53:00,100,150,100,70,50,70,40,20,30,30,10,70,299,245,101,80,53,64,123,241,213,117,80,47,1741,1475,2016,890,1005,828,523,274,423,496,300,706,2046,2892,3562,3109,1990,3142,1460,705,474,1364,388,1715,44.0,21.0,8.0,0.0,3.0,7.0,4.0,0.0,0.0,2,3
KCLT,2022-12-23 02:55:00,60,60,50,20,20,40,10,60,10,30,50,0,71,41,169,222,201,103,79,44,67,33,16,26,963,936,418,244,467,455,450,544,169,491,536,18,2890,2344,1331,610,537,1431,408,1621,436,590,1062,134,44.0,20.0,8.0,0.0,3.0,7.0,4.0,0.0,0.0,2,3
KCLT,2022-12-23 04:00:00,30,20,30,40,20,30,40,0,30,10,10,0,186,103,46,42,56,44,6,32,31,18,6,6,462,366,717,294,384,513,267,60,461,190,38,7,649,1108,1127,1065,478,563,934,41,613,281,404,0,44.0,21.0,10.0,0.0,2.0,7.0,4.0,0.0,0.0,2,2
KCLT,2022-12-23 04:53:00,10,30,40,10,20,20,10,0,0,10,0,0,62,38,16,26,29,28,5,7,2,1,1,0,161,474,559,20,308,268,161,7,101,55,3,1,502,610,950,263,171,677,403,47,83,200,0,0,44.0,21.0,12.0,20.0,2.0,5.0,4.0,0.0,0.0,2,2
KCLT,2022-12-23 05:42:00,0,30,10,10,0,10,0,0,0,0,0,10,30,34,18,5,7,1,1,1,0,0,0,2,19,468,118,146,5,143,13,3,1,0,90,64,75,461,416,400,21,251,32,0,0,0,0,264,44.0,19.0,13.0,0.0,2.0,5.0,4.0,0.0,0.0,2,2
KCLT,2022-12-23 05:54:00,30,10,10,0,0,10,0,0,0,0,10,0,28,29,4,7,2,1,1,0,0,0,2,3,439,134,160,6,105,52,3,1,0,44,109,1,234,619,405,40,145,138,0,0,0,0,264,0,44.0,19.0,13.0,0.0,2.0,5.0,4.0,0.0,0.0,2,2
KCLT,2022-12-23 06:55:00,0,10,0,0,0,0,10,0,0,0,0,0,2,1,1,0,0,0,2,3,3,9,1,0,115,41,3,1,0,53,100,1,0,0,1,5,216,67,0,0,0,0,264,0,0,0,0,0,44.0,20.0,15.0,22.0,2.0,6.0,4.0,0.0,0.0,2,2
KCLT,2022-12-23 07:55:00,0,0,10,0,0,0,0,0,20,40,30,20,0,0,2,3,3,9,1,0,0,0,0,7,0,53,100,1,0,0,1,5,301,914,1010,430,0,0,264,0,0,0,0,0,500,1302,1088,532,43.0,21.0,16.0,23.0,2.0,6.0,4.0,0.0,0.0,2,2
KCLT,2022-12-23 08:53:00,0,0,0,0,10,50,20,20,20,10,10,20,3,3,8,0,0,0,0,7,5,171,39,9,0,0,1,4,269,691,1199,468,332,352,476,563,0,0,0,0,482,1223,806,855,472,482,496,570,44.0,20.0,18.0,25.0,2.0,7.0,4.0,0.0,0.0,2,2
KCLT,2022-12-23 10:10:00,40,30,20,10,20,0,20,10,10,40,40,80,0,0,7,34,143,40,7,38,112,212,170,158,914,1010,430,455,254,479,507,423,331,1505,1406,1298,1302,1088,532,442,719,235,568,457,65,2212,3183,3676,47.0,21.0,18.0,26.0,4.0,7.0,4.0,0.0,0.0,2,2
KCLT,2022-12-23 10:58:00,10,20,10,10,10,10,40,60,90,80,70,40,136,39,42,23,32,140,230,133,155,41,8,9,416,203,535,342,434,518,1680,1224,1280,1250,891,513,495,603,90,506,453,77,2809,3334,3479,1881,1322,879,44.0,24.0,22.0,34.0,6.0,7.0,4.0,0.0,0.0,2,2
KCLT,2022-12-23 11:53:00,0,20,40,20,90,120,70,30,70,30,40,80,25,124,181,172,148,96,9,8,22,297,256,304,417,217,1419,1258,1516,1170,1131,429,603,355,1015,1865,435,62,2042,3064,3572,2317,1689,938,790,654,806,2105,40.0,25.0,23.0,36.0,8.0,7.0,2.0,0.0,0.0,2,2
KCLT,2022-12-23 12:32:00,20,90,90,70,60,70,30,40,70,100,130,70,243,115,140,34,6,10,250,187,377,140,190,151,1495,1503,1088,1264,616,675,342,743,1491,2092,1811,1417,3092,3233,2758,2165,897,854,912,874,1785,2487,3527,2052,36.0,26.0,25.0,39.0,8.0,7.0,1.0,0.0,0.0,2,3
KCLT,2022-12-23 12:38:00,20,90,120,70,30,70,30,40,80,120,120,90,172,148,96,9,8,22,297,256,304,205,128,123,1258,1516,1170,1131,429,603,355,1015,1865,2153,1636,1153,3064,3572,2317,1689,938,790,654,806,2105,3308,3222,1433,36.0,26.0,25.0,39.0,8.0,7.0,1.0,0.0,0.0,2,3
KCLT,2022-12-23 12:54:00,80,110,70,30,70,30,40,90,110,130,80,80,122,96,8,8,49,298,247,313,182,129,118,91,1428,1158,1082,445,585,431,1037,1841,2193,1573,1132,1459,3724,2191,1627,858,765,811,681,2181,3424,3241,1194,752,36.0,26.0,25.0,39.0,8.0,7.0,1.0,0.0,0.0,2,3
KCLT,2022-12-23 13:55:00,60,30,60,70,120,120,100,80,70,40,70,100,49,298,270,292,201,109,140,68,167,241,506,252,561,553,1012,1819,2145,1571,1163,1449,663,1170,1178,2250,733,850,776,2224,3545,3020,1134,991,2311,986,1525,3285,31.0,31.0,21.0,32.0,8.0,7.0,2.0,0.0,0.0,2,3
KCLT,2022-12-23 14:53:00,120,120,90,80,80,40,80,80,130,70,50,40,205,128,123,86,69,339,238,493,211,232,333,100,2153,1636,1153,1470,687,1001,1210,2216,1756,1510,938,940,3308,3222,1433,716,2384,1204,1528,2986,3426,1181,1881,1324,29.0,29.0,26.0,37.0,8.0,7.0,1.0,0.0,0.0,2,3
KCLT,2022-12-23 15:54:00,90,30,80,90,130,70,40,40,50,100,80,110,167,242,237,496,250,206,313,113,192,314,456,199,670,1080,1193,2300,1710,1441,936,1010,1076,1712,1668,1001,2453,1102,1525,3042,3511,1093,1918,1407,1138,2036,3258,2046,27.0,28.0,20.0,29.0,8.0,7.0,1.0,0.0,0.0,2,3
KCLT,2022-12-23 16:58:00,140,40,40,40,60,100,90,100,110,130,80,120,214,201,289,162,301,379,293,306,305,91,108,258,1802,1185,853,1300,1181,1414,1695,1047,1765,1698,769,1247,2741,1464,1515,1829,1090,1941,3315,1807,2080,4175,2635,2784,27.0,27.0,18.0,30.0,8.0,7.0,1.0,0.0,0.0,2,3
KCLT,2022-12-23 17:54:00,50,100,80,110,110,120,90,90,110,110,120,110,192,314,456,199,457,108,90,224,282,185,283,181,1076,1712,1668,1001,1650,1638,1007,1136,1555,1320,1584,1511,1138,2036,3258,2046,1910,4365,2339,1877,2875,1153,2914,2717,28.0,29.0,18.0,27.0,8.0,7.0,1.0,0.0,0.0,2,3
KCLT,2022-12-23 18:54:00,110,120,90,90,110,110,120,110,60,80,120,70,457,108,90,224,282,185,283,181,131,93,367,120,1650,1638,1007,1136,1555,1320,1584,1511,1073,1143,1750,1300,1910,4365,2339,1877,2875,1153,2914,2717,1210,1400,2496,1649,29.0,29.0,19.0,28.0,8.0,7.0,1.0,0.0,0.0,2,3
KCLT,2022-12-23 19:54:00,110,110,120,110,60,80,120,70,110,100,80,130,282,185,283,181,131,93,367,120,227,194,230,151,1555,1320,1584,1511,1073,1143,1750,1300,1983,1637,1304,1546,2875,1153,2914,2717,1210,1400,2496,1649,3525,4119,2871,4785,29.0,30.0,22.0,30.0,8.0,7.0,1.0,0.0,0.0,2,3
KCLT,2022-12-23 20:53:00,60,80,110,80,110,90,80,120,100,80,50,140,128,92,371,119,221,184,222,172,292,132,240,124,992,1221,1643,1362,1916,1660,1339,1414,1851,930,1000,2560,1166,1580,2243,1760,3311,4212,2835,4914,2613,2074,789,4023,28.0,29.0,15.0,24.0,8.0,7.0,1.0,0.0,0.0,2,3
KCLT,2022-12-23 21:54:00,110,100,80,130,90,70,60,140,30,0,0,0,227,194,230,151,298,124,247,130,81,80,69,33,1983,1637,1304,1546,1790,817,1187,2479,2237,676,847,667,3525,4119,2871,4785,2752,1754,788,4351,5070,3166,1537,965,25.0,28.0,20.0,28.0,8.0,7.0,1.0,0.0,0.0,2,3
KCLT,2022-12-23 22:53:00,100,80,50,140,40,0,0,0,0,0,0,0,292,132,240,124,96,81,69,33,16,35,60,61,1851,930,1000,2560,2255,789,832,641,529,247,316,250,2613,2074,789,4023,5208,3331,1550,835,2275,438,1321,1563,21.0,29.0,12.0,20.0,8.0,7.0,1.0,0.0,0.0,2,3
KCLT,2022-12-23 23:56:00,10,0,0,0,0,0,0,0,0,0,0,0,85,71,74,24,25,31,65,52,47,24,16,12,2169,594,846,739,393,261,343,189,414,127,66,71,5002,2588,1522,922,2486,385,1331,1390,548,90,0,0,21.0,29.0,15.0,22.0,8.0,7.0,0.0,0.0,0.0,2,3
KDEN,2022-12-23 00:17:00,52,52,72,44,68,32,36,64,64,44,40,64,191,353,314,375,398,332,355,222,293,294,229,209,640,1147,1136,1886,1466,775,2177,2214,2061,1547,2079,2354,360,763,1090,2288,2557,1842,2651,5645,4798,4020,4717,7312,6.5,23.5,10.5,11.0,8.0,7.0,0.5,0.0,0.0,3,3
KDEN,2022-12-23 01:08:00,68,52,20,60,52,60,32,72,52,24,36,20,389,387,344,328,337,249,274,224,223,544,196,187,1754,1368,1046,2431,1992,1801,1770,2447,1724,1625,1199,2416,3306,2519,974,4518,5672,3932,4037,5645,6915,3290,3776,3520,-8.0,18.0,6.0,0.0,8.0,7.0,1.0,0.0,0.0,3,3
KDEN,2022-12-23 01:56:00,64,52,56,48,56,52,24,36,28,36,20,36,194,315,267,251,229,244,525,192,196,254,213,279,2671,1834,1742,1787,2526,1878,1183,1409,2315,1350,1123,1265,5090,5109,3892,4403,6733,5807,3554,2875,4777,5140,2288,4099,-9.0,14.0,5.0,0.0,8.0,7.0,1.0,0.0,0.0,3,3
KDEN,2022-12-23 02:11:00,52,56,48,56,52,24,36,28,36,20,36,28,315,267,251,229,244,525,192,196,254,213,279,225,1834,1742,1787,2526,1878,1183,1409,2315,1350,1123,1265,1254,5109,3892,4403,6733,5807,3554,2875,4777,5140,2288,4099,2048,-9.0,14.0,5.0,0.0,8.0,7.0,1.0,0.0,0.0,3,3
KDEN,2022-12-23 02:35:00,36,60,56,32,36,20,44,28,24,32,16,28,279,231,193,580,197,169,254,202,270,234,212,235,1290,2712,1642,1653,1387,2124,1582,1050,1505,967,1136,1121,4225,4739,7188,2797,4628,3229,5509,3603,2810,3400,1877,2783,-12.0,10.0,5.0,0.0,8.0,7.0,0.0,0.0,0.0,3,3
KDEN,2022-12-23 02:54:00,60,52,28,40,12,48,20,36,28,20,28,12,219,248,516,198,185,266,195,287,224,189,219,242,2338,1920,1395,1210,2468,1397,1072,1393,1230,939,883,808,5977,6601,3448,3431,4030,5199,2607,3987,2303,1918,2877,580,-12.0,10.0,5.0,0.0,8.0,7.0,0.0,0.0,0.0,3,3
KDEN,2022-12-23 03:25:00,20,40,16,48,20,36,24,20,28,12,16,24,511,200,191,261,212,269,225,191,222,246,192,200,1321,1261,2457,1347,1151,1287,1235,1103,807,725,898,1306,3564,3161,4335,5146,2422,4239,1988,1922,2947,496,1458,2600,-12.0,10.0,5.0,0.0,8.0,7.0,0.0,0.0,0.0,3,3
KDEN,2022-12-23 03:43:00,36,32,32,24,32,28,20,24,12,16,24,16,177,209,230,243,258,233,178,214,256,186,185,195,1604,2273,1188,1109,1169,1309,1217,819,656,1324,826,698,2876,5462,4510,2616,3739,2086,1971,2403,692,1462,2767,1247,-14.0,10.0,8.0,0.0,8.0,7.0,1.0,0.0,0.0,3,3
KDEN,2022-12-23 03:55:00,16,48,20,36,24,20,28,12,16,24,16,12,191,261,212,269,225,191,222,246,192,200,181,202,2457,1347,1151,1287,1235,1103,807,725,898,1306,426,962,4335,5146,2422,4239,1988,1922,2947,496,1458,2600,1371,1088,-14.0,10.0,8.0,0.0,8.0,7.0,1.0,0.0,0.0,2,3
KDEN,2022-12-23 04:54:00,28,20,28,12,16,24,12,16,8,20,20,8,224,189,219,242,188,213,177,197,202,142,142,135,1230,939,883,808,914,1201,545,964,816,681,865,717,2303,1918,2877,580,1506,2543,1287,1179,1121,3124,2077,491,-15.0,16.0,7.0,0.0,8.0,7.0,1.0,0.0,0.0,2,3
KDEN,2022-12-23 05:54:00,16,24,12,16,8,20,20,8,4,0,12,0,188,213,177,197,202,142,142,135,180,172,109,88,914,1201,545,964,816,681,865,717,58,12,734,12,1506,2543,1287,1179,1121,3124,2077,491,1646,0,1146,230,-15.0,17.0,9.0,0.0,8.0,7.0,1.0,0.0,0.0,2,3
KDEN,2022-12-23 07:01:00,8,20,16,12,0,0,12,0,4,0,4,0,180,159,122,146,180,138,107,76,75,37,36,65,992,501,632,636,13,601,141,13,334,203,6,5,1701,2546,2037,1707,66,31,1345,0,640,4,432,0,-15.0,16.0,11.0,0.0,8.0,7.0,1.0,0.0,0.0,3,3
KDEN,2022-12-23 08:05:00,0,12,0,0,4,4,0,0,4,4,0,0,184,99,99,98,42,55,22,58,24,36,5,3,13,733,12,237,105,205,5,116,128,17,7,1,0,620,756,0,640,288,148,0,254,150,0,0,-15.0,16.0,7.0,0.0,8.0,7.0,1.0,0.0,0.0,2,3
KDEN,2022-12-23 09:01:00,4,0,4,0,4,4,0,0,0,0,0,0,75,37,36,65,21,38,6,3,4,3,3,3,334,203,6,5,142,114,7,3,0,2,8,70,640,4,432,0,254,150,0,0,0,0,0,0,-11.0,18.0,7.0,0.0,8.0,7.0,1.0,0.0,0.0,2,3
KDEN,2022-12-23 10:09:00,4,0,0,0,0,0,0,4,4,0,4,8,39,6,5,3,4,3,3,5,8,26,47,35,118,5,7,0,1,7,4,172,105,47,712,35,195,0,0,0,0,0,0,189,478,282,565,675,-11.0,17.0,6.0,0.0,8.0,7.0,2.0,0.0,0.0,2,3
KDEN,2022-12-23 10:54:00,0,0,0,0,4,4,0,4,8,4,12,20,3,4,3,3,5,8,26,47,35,89,111,192,0,1,7,4,172,105,47,712,35,253,533,653,0,0,0,0,189,478,282,565,675,152,655,910,-9.0,18.0,6.0,0.0,8.0,7.0,2.0,0.0,0.0,2,3
KDEN,2022-12-23 11:55:00,4,4,0,8,4,8,12,16,24,24,4,16,5,9,25,48,36,90,115,189,82,139,102,141,176,103,52,713,28,343,515,735,1135,408,829,465,318,349,282,850,390,178,732,843,2177,1513,766,1389,-7.0,20.0,6.0,0.0,8.0,7.0,2.0,0.0,0.0,3,3
KDEN,2022-12-23 12:55:00,4,8,12,16,24,24,4,16,8,16,12,24,36,90,115,189,82,139,102,141,220,226,159,170,28,343,515,735,1135,408,829,465,630,545,960,1346,390,178,732,843,2177,1513,766,1389,1012,1552,1886,3065,-6.0,20.0,5.0,0.0,8.0,7.0,2.0,0.0,0.0,3,3
KDEN,2022-12-23 13:55:00,24,24,4,16,8,16,12,24,28,24,12,36,82,139,102,141,220,226,159,170,289,311,158,189,1135,408,829,465,630,545,960,1346,1435,861,1305,3117,2177,1513,766,1389,1012,1552,1886,3065,2740,3271,2281,4782,-5.0,19.0,4.0,0.0,8.0,7.0,1.0,0.0,0.0,3,3
KDEN,2022-12-23 15:00:00,12,16,8,36,24,12,20,36,36,16,40,40,255,210,146,213,316,263,155,219,235,256,259,170,796,643,944,1616,1257,952,2099,2714,1236,1547,1491,1835,941,1996,1649,3549,3140,2123,2582,5458,5329,1532,4199,3240,-4.0,18.0,6.0,0.0,8.0,7.0,1.0,0.0,0.0,3,3
KDEN,2022-12-23 15:55:00,28,24,12,36,36,16,36,44,40,16,32,64,289,311,158,189,218,272,268,192,231,241,245,216,1435,861,1305,3117,1565,1609,1390,1708,1343,453,2497,1996,2740,3271,2281,4782,5991,1750,3800,3678,4809,406,3293,5797,-3.0,36.0,7.0,0.0,8.0,7.0,2.0,0.0,0.0,3,3
KDEN,2022-12-23 16:55:00,36,16,36,44,40,16,32,64,56,52,60,36,218,272,268,192,231,241,245,216,369,355,360,335,1565,1609,1390,1708,1343,453,2497,1996,2361,2122,2096,2360,5991,1750,3800,3678,4809,406,3293,5797,4300,4555,4785,3414,-1.0,8.0,3.0,0.0,8.0,7.0,2.0,0.0,0.0,3,3
KDEN,2022-12-23 17:54:00,40,12,32,64,60,52,60,32,56,40,44,56,202,270,218,231,354,358,374,344,255,223,324,301,1503,393,2430,2031,2340,2169,2163,2214,2412,1668,3268,2138,4872,381,3132,5907,4024,4802,4752,3106,6791,3760,4199,6741,1.0,23.0,3.0,0.0,8.0,7.0,2.0,0.0,0.0,3,3
KDEN,2022-12-23 18:54:00,60,52,60,32,56,40,44,56,40,36,24,20,354,358,374,344,255,223,324,301,296,314,385,303,2340,2169,2163,2214,2412,1668,3268,2138,2182,1469,917,2233,4024,4802,4752,3106,6791,3760,4199,6741,4951,2317,1635,1412,3.0,31.0,2.0,0.0,8.0,7.0,2.0,0.0,0.0,3,3
KDEN,2022-12-23 19:55:00,56,40,44,56,40,32,24,20,40,32,36,40,271,232,318,282,324,306,378,295,305,209,227,163,2367,1761,3103,2259,2124,1356,928,2535,2135,1211,2169,1294,6614,3548,4740,6375,4840,2172,1695,1723,4840,3371,3981,3590,7.0,33.0,3.0,0.0,8.0,7.0,2.0,0.0,0.0,3,3
KDEN,2022-12-23 20:54:00,40,36,24,20,36,36,36,40,56,36,48,64,296,314,385,303,305,206,221,171,252,214,208,174,2182,1469,917,2233,2414,1143,1984,1547,2158,1827,2095,2618,4951,2317,1635,1412,4880,3689,3827,3693,3789,3364,3908,5036,12.0,15.0,8.0,0.0,8.0,7.0,2.0,0.0,0.0,2,3
KDEN,2022-12-23 21:26:00,24,24,36,32,36,40,56,40,52,68,8,0,380,278,298,213,229,158,262,209,205,167,133,95,929,2644,2031,1276,2186,1466,2128,1719,2183,2659,1942,2205,1567,1990,5027,2915,4133,3540,3937,3206,4095,5301,2531,4415,12.0,15.0,8.0,0.0,8.0,7.0,2.0,0.0,0.0,2,3
KDEN,2022-12-23 21:37:00,20,36,40,32,44,44,48,44,60,32,0,0,342,274,244,212,176,250,209,217,173,144,102,85,2021,2624,1297,1548,1982,2090,1663,2188,2528,2090,1945,1703,1300,4663,4033,3647,3990,3343,3775,3767,4557,3445,2924,4802,12.0,12.0,8.0,0.0,8.0,7.0,2.0,0.0,0.0,3,3
KDEN,2022-12-23 21:53:00,36,40,36,44,48,40,48,64,24,0,0,0,293,222,213,179,253,209,211,174,146,99,87,125,2620,1130,1793,1773,2140,1678,2254,2465,2086,2065,1473,1090,4665,3960,3806,3758,3650,3529,3764,4876,3025,3528,4346,2375,12.0,12.0,8.0,0.0,8.0,7.0,2.0,0.0,0.0,3,3
KDEN,2022-12-23 22:59:00,60,44,48,60,4,0,0,0,0,0,0,0,159,216,203,163,130,83,97,137,121,52,44,55,1927,1664,2370,2709,1504,2484,1156,1106,1902,780,1285,318,3968,3271,3936,5411,2636,4819,2653,2020,4268,1916,2667,1195,5.0,36.0,7.0,0.0,8.0,7.0,2.0,0.0,0.0,3,3
KDEN,2022-12-23 23:55:00,8,0,0,0,0,0,0,0,0,0,0,0,136,98,90,123,136,69,44,51,46,98,124,62,1967,2224,1166,1067,2131,867,1168,557,342,712,253,254,2469,4359,3456,2287,3146,3158,1446,2640,0,366,352,123,1.0,1.0,6.0,0.0,8.0,7.0,2.0,0.0,0.0,3,3
KDFW,2022-12-23 00:53:00,68,80,56,28,64,64,60,56,68,48,56,44,192,271,166,306,268,362,260,263,292,283,188,218,1845,2069,1240,1509,2684,2836,2933,3036,3084,2386,2149,2287,2500,4216,2404,1589,5608,5801,6361,6418,8349,3883,6588,4718,14.0,36.0,21.0,27.0,8.0,7.0,0.0,0.0,0.0,2,4
KDFW,2022-12-23 01:04:00,76,64,36,56,60,64,56,64,64,48,44,48,301,199,238,278,378,218,316,291,275,170,282,216,2316,1527,1017,2618,2915,2843,2923,3191,2268,2671,1731,1946,4059,2939,1234,4249,7021,5823,5913,8722,4384,5666,5702,3679,14.0,36.0,21.0,27.0,8.0,7.0,0.0,0.0,0.0,2,4
KDFW,2022-12-23 01:53:00,64,64,60,56,68,48,56,44,48,52,48,56,268,362,260,263,292,283,188,218,230,249,156,252,2684,2836,2933,3036,3084,2386,2149,2287,2018,2439,2366,1985,5608,5801,6361,6418,8349,3883,6588,4718,3326,4696,3585,5162,13.0,34.0,22.0,30.0,8.0,7.0,0.0,0.0,0.0,2,4
KDFW,2022-12-23 02:54:00,60,56,52,48,40,56,44,56,52,16,40,32,293,288,185,232,230,250,146,273,214,247,208,160,3139,2283,2064,2320,2190,2383,2189,1975,1722,781,2383,1287,8095,3797,6779,4518,3337,4583,3715,5275,2643,1375,3757,2969,11.0,34.0,25.0,32.0,8.0,7.0,2.0,0.0,0.0,2,4
KDFW,2022-12-23 03:54:00,40,56,44,56,52,16,40,32,24,24,16,12,230,250,146,273,214,247,208,160,185,191,113,58,2190,2383,2189,1975,1722,781,2383,1287,1323,1385,438,494,3337,4583,3715,5275,2643,1375,3757,2969,2571,1965,820,623,10.0,35.0,22.0,28.0,8.0,7.0,2.0,0.0,0.0,2,3
KDFW,2022-12-23 04:56:00,48,16,40,32,24,24,12,12,4,4,0,12,243,225,225,137,191,183,111,52,78,70,20,37,1202,1139,2087,1382,1308,1304,533,332,547,122,24,618,2109,1470,4143,2543,2486,2023,615,600,182,771,0,1373,10.0,35.0,23.0,29.0,8.0,7.0,2.0,0.0,0.0,2,3
KDFW,2022-12-23 05:53:00,28,24,16,12,4,4,0,8,12,0,0,0,177,190,119,63,65,69,39,39,21,14,2,9,1417,1316,497,557,324,351,16,479,371,13,12,10,2821,2006,834,618,175,783,0,584,1112,91,0,0,10.0,35.0,19.0,26.0,8.0,7.0,1.0,0.0,0.0,2,3
KDFW,2022-12-23 06:54:00,4,4,0,12,8,0,0,0,0,0,0,0,81,58,31,39,22,13,3,10,16,7,8,26,325,347,16,533,317,12,13,10,4,1,4,13,172,781,0,907,817,63,0,0,0,0,0,0,10.0,35.0,19.0,25.0,8.0,7.0,2.0,0.0,0.0,2,2
KDFW,2022-12-23 08:16:00,0,0,0,0,0,0,0,8,4,12,12,0,11,4,12,16,4,23,25,41,41,38,25,15,13,10,7,3,3,11,7,284,101,809,624,41,0,0,0,0,0,0,0,514,140,1103,1215,0,10.0,34.0,17.0,23.0,8.0,7.0,2.0,0.0,0.0,2,2
KDFW,2022-12-23 08:53:00,0,0,0,0,8,0,8,16,4,4,4,8,18,7,8,26,43,35,46,14,25,21,39,80,4,2,4,13,159,140,289,1050,187,303,105,808,0,0,0,0,29,486,773,1158,526,250,48,1109,11.0,35.0,16.0,22.0,8.0,7.0,2.0,0.0,0.0,2,2
KDFW,2022-12-23 09:53:00,8,0,8,16,4,4,4,8,8,8,4,12,43,35,46,14,25,21,39,80,38,64,82,78,159,140,289,1050,187,303,105,808,492,510,174,828,29,486,773,1158,526,250,48,1109,457,476,519,594,10.0,34.0,17.0,0.0,8.0,7.0,2.0,0.0,0.0,2,2
KDFW,2022-12-23 10:54:00,0,4,4,8,8,8,4,12,48,72,36,24,25,21,39,81,36,64,103,57,59,129,104,67,118,302,130,876,401,523,159,863,1516,2854,1395,623,485,250,100,1076,487,462,484,630,2077,3415,3652,1206,11.0,35.0,14.0,0.0,8.0,7.0,3.0,0.0,0.0,2,2
KDFW,2022-12-23 11:56:00,8,8,4,20,48,72,32,24,24,20,48,56,26,64,105,72,44,149,83,83,85,117,58,185,323,545,144,925,1902,2608,1323,755,960,879,3216,1663,358,651,274,814,2364,3450,3594,1113,1603,1715,4318,4042,10.0,35.0,16.0,22.0,8.0,7.0,3.0,0.0,0.0,2,4
KDFW,2022-12-23 12:45:00,28,60,64,28,24,20,20,60,48,68,68,36,52,77,162,48,77,129,67,112,250,278,309,273,1190,2481,1974,1239,943,714,1270,3238,2205,5015,2933,1075,967,2922,3403,3240,930,1692,2053,5352,3578,10489,9562,3791,10.0,34.0,13.0,0.0,8.0,7.0,3.0,0.0,0.0,2,4
KDFW,2022-12-23 12:54:00,48,72,36,24,24,16,48,56,56,68,56,20,59,129,104,67,86,134,45,167,338,285,278,290,1516,2854,1395,623,1081,972,2947,1779,4217,3797,2074,1499,2077,3415,3652,1206,1739,1690,3671,4288,7337,10705,7121,2588,10.0,34.0,13.0,0.0,8.0,7.0,3.0,0.0,0.0,2,4
KDFW,2022-12-23 13:53:00,24,20,44,52,60,72,52,24,28,44,48,48,50,169,45,156,305,288,316,291,185,161,224,353,1057,1020,2848,1814,3775,4180,2141,1537,881,2161,1966,3161,1634,1799,3386,4403,6604,11230,7343,2542,1849,3986,3534,5479,11.0,35.0,16.0,0.0,8.0,7.0,2.0,0.0,0.0,2,4
KDFW,2022-12-23 14:59:00,68,60,44,28,20,56,52,44,72,40,56,48,271,331,264,233,224,154,260,366,317,277,224,269,4987,2968,1282,1538,1342,2120,2766,2932,3951,1520,3044,1608,10001,9704,4352,2915,1507,4334,3648,7236,9786,2788,4591,2878,15.0,35.0,14.0,20.0,8.0,7.0,3.0,0.0,0.0,2,4
KDFW,2022-12-23 15:58:00,20,52,56,40,68,48,52,52,28,68,32,28,234,149,264,365,309,274,236,265,282,283,291,325,1133,2244,2721,2886,3961,1638,3069,1594,1247,2639,1562,1202,1250,4419,3638,6824,9923,3228,4536,2943,1556,4502,2643,1892,18.0,35.0,12.0,0.0,8.0,7.0,3.0,0.0,0.0,2,4
KDFW,2022-12-23 16:59:00,72,40,56,48,28,68,32,32,32,44,48,28,317,277,224,269,292,288,275,348,347,244,293,325,3951,1520,3044,1608,1356,2599,1502,1202,1291,1686,1690,1729,9786,2788,4591,2878,1718,4514,2491,1859,2647,2935,2860,2034,20.0,32.0,12.0,18.0,8.0,7.0,3.0,0.0,0.0,2,4
KDFW,2022-12-23 18:11:00,60,44,28,32,36,60,20,48,32,28,52,52,285,283,298,369,275,269,308,359,126,120,215,209,2630,1596,1240,1430,1347,2033,1298,2364,897,1711,2366,3400,4374,3005,1968,2618,2605,3195,1464,4819,2188,1661,4734,5636,22.0,33.0,11.0,0.0,8.0,7.0,3.0,0.0,0.0,2,4
KDFW,2022-12-23 18:53:00,32,24,64,24,52,32,28,44,48,56,68,40,367,282,260,326,330,175,106,210,215,194,249,223,1156,1408,2007,1143,2451,1150,1348,2538,3512,1862,2953,1884,2503,1803,3368,1838,4927,2537,1555,4193,5113,4786,4383,4037,24.0,33.0,13.0,19.0,8.0,7.0,3.0,0.0,0.0,2,4
KDFW,2022-12-23 19:53:00,52,32,28,44,48,56,68,40,44,48,60,40,330,175,106,210,215,194,249,223,140,115,141,183,2451,1150,1348,2538,3512,1862,2953,1884,3008,2841,2555,1625,4927,2537,1555,4193,5113,4786,4383,4037,3452,5629,4729,2637,25.0,32.0,14.0,0.0,8.0,7.0,3.0,0.0,0.0,2,4
KDFW,2022-12-23 20:53:00,48,56,68,40,44,48,60,40,36,52,60,64,215,194,249,223,140,115,141,183,217,123,164,88,3512,1862,2953,1884,3008,2841,2555,1625,2354,1922,3504,3606,5113,4786,4383,4037,3452,5629,4729,2637,4888,4436,5912,5238,26.0,33.0,14.0,19.0,8.0,7.0,4.0,0.0,0.0,2,4
KDFW,2022-12-23 21:53:00,44,48,60,40,36,52,60,64,28,0,0,0,140,115,141,183,217,123,164,88,65,48,57,53,3008,2841,2555,1625,2354,1922,3504,3606,3288,1359,2257,1986,3452,5629,4729,2637,4888,4436,5912,5238,8436,3282,4243,2845,24.0,34.0,13.0,0.0,8.0,7.0,4.0,0.0,0.0,2,4
KDFW,2022-12-23 22:53:00,36,52,60,64,28,0,0,0,0,0,0,0,217,123,164,88,65,48,57,53,78,100,85,65,2354,1922,3504,3606,3288,1359,2257,1986,914,1714,704,1142,4888,4436,5912,5238,8436,3282,4243,2845,3512,2116,3872,1798,24.0,34.0,13.0,0.0,8.0,7.0,4.0,0.0,0.0,2,4
KDFW,2022-12-23 23:54:00,28,0,0,0,0,0,0,0,0,0,0,0,63,46,57,59,77,97,84,69,44,34,21,30,3285,1253,2266,2086,777,1714,781,1019,456,501,328,60,8613,3121,4065,2931,3348,2281,3810,1740,1071,426,120,199,21.0,34.0,11.0,0.0,8.0,7.0,4.0,0.0,0.0,2,4
KJFK,2022-12-23 00:55:00,40,36,48,28,36,32,36,32,36,36,28,28,183,170,547,302,518,201,223,658,601,310,257,202,1666,1178,1486,1207,930,1829,1710,1482,1772,1685,1983,2768,2628,5439,5715,5818,3420,5256,5843,7020,5442,6957,4492,6475,46.0,8.0,20.0,28.0,4.0,7.0,4.0,0.0,1.0,1,2
KJFK,2022-12-23 01:55:00,36,32,36,32,36,36,28,28,32,40,36,20,518,201,223,658,601,310,257,202,255,151,199,193,930,1829,1710,1482,1772,1685,1983,2768,2461,2502,1349,2217,3420,5256,5843,7020,5442,6957,4492,6475,9289,10282,8496,3240,46.0,7.0,19.0,27.0,3.0,6.0,4.0,0.0,1.0,1,2
KJFK,2022-12-23 02:54:00,36,32,32,24,32,44,32,20,28,24,28,32,569,328,259,216,250,138,209,199,162,130,133,98,1960,1591,1966,2760,2414,2469,1551,2141,1467,1587,2925,2232,5642,7001,4396,6308,8975,10348,9111,3251,6446,3274,7815,8230,47.0,8.0,18.0,27.0,3.0,7.0,4.0,0.0,1.0,1,2
KJFK,2022-12-23 03:42:00,28,36,36,32,20,28,20,32,32,12,0,4,205,228,184,189,181,151,127,147,78,107,160,121,2785,2585,2430,1183,2111,1705,1439,3308,1885,117,19,375,5845,10169,10325,6983,3967,6142,3816,7245,7459,2564,164,887,48.0,8.0,18.0,26.0,3.0,6.0,4.0,0.0,1.0,1,2
KJFK,2022-12-23 03:54:00,32,44,32,20,28,24,28,32,16,0,4,4,250,138,209,199,162,130,133,98,78,181,94,137,2414,2469,1551,2141,1467,1587,2925,2232,410,17,343,381,8975,10348,9111,3251,6446,3274,7815,8230,2619,257,857,339,48.0,8.0,18.0,26.0,3.0,6.0,4.0,0.0,1.0,1,2
KJFK,2022-12-23 04:55:00,24,24,32,28,16,0,4,4,4,0,0,8,157,127,136,97,78,179,131,107,45,18,46,38,1440,1575,3143,2093,272,17,352,464,35,2,7,253,6410,3455,7663,8075,2571,245,875,329,438,0,4,399,50.0,8.0,18.0,0.0,3.0,7.0,4.0,0.0,1.0,1,2
KJFK,2022-12-23 05:55:00,16,0,4,4,4,0,0,8,4,4,0,0,78,179,131,107,45,18,46,38,40,17,24,1,272,17,352,464,35,2,7,253,503,380,6,2,2571,245,875,329,438,0,4,399,1474,221,835,0,54.0,9.0,19.0,27.0,3.0,7.0,4.0,0.0,1.0,1,2
KJFK,2022-12-23 06:55:00,4,0,0,8,4,4,0,0,0,4,0,0,45,18,46,38,40,17,24,1,0,3,21,0,35,2,7,253,503,380,6,2,13,692,218,842,438,0,4,399,1474,221,835,0,57,2026,774,1025,55.0,11.0,21.0,29.0,3.0,6.0,4.0,0.0,1.0,1,2
KJFK,2022-12-23 07:38:00,4,8,4,0,0,0,0,4,0,12,16,16,39,40,17,24,1,0,3,21,0,0,5,23,80,677,378,7,2,14,333,491,647,2240,947,1887,148,1725,119,937,0,13,1524,1291,844,4003,6291,4064,54.0,11.0,21.0,30.0,3.0,6.0,4.0,0.0,1.0,1,2
KJFK,2022-12-23 07:59:00,0,4,0,0,0,4,0,0,20,16,16,20,38,39,2,0,1,3,20,0,0,24,39,17,407,214,3,13,57,717,230,1138,2048,1135,1678,1775,758,582,474,0,111,2554,275,1334,6129,5398,3477,5797,54.0,11.0,21.0,30.0,3.0,6.0,4.0,0.0,1.0,1,2
KJFK,2022-12-23 08:55:00,0,4,0,0,16,16,16,16,24,20,28,28,0,3,21,0,0,18,32,30,22,435,375,210,13,692,218,842,2135,1043,1872,1667,1440,1757,1225,2056,57,2026,774,1025,4857,5998,3730,5073,4945,4181,4138,5185,55.0,13.0,22.0,31.0,4.0,6.0,4.0,0.0,1.0,1,2
KJFK,2022-12-23 09:45:00,0,20,20,16,16,20,28,24,28,28,24,8,0,0,25,38,18,29,764,102,153,86,193,134,1263,1959,1220,1600,1883,1823,1158,1815,1586,1591,1392,1502,1462,6347,5401,3338,5933,4070,4940,3940,4736,3375,4288,3978,55.0,14.0,25.0,35.0,4.0,6.0,4.0,0.0,1.0,1,1
KJFK,2022-12-23 09:58:00,20,16,16,20,16,28,24,28,28,24,12,32,0,24,39,17,26,746,103,173,58,221,128,181,2176,1036,1777,1710,1729,1366,1467,1846,1650,1400,1446,2444,5829,5593,3489,5561,4292,4839,3942,4972,3369,4153,3266,6736,55.0,14.0,25.0,35.0,4.0,6.0,4.0,0.0,1.0,1,1
KJFK,2022-12-23 10:24:00,20,16,20,24,24,28,28,28,12,24,28,28,31,31,22,434,376,197,54,221,141,140,189,228,1905,1674,1498,1778,1205,2056,1427,1716,1305,2303,2127,1445,3919,4959,5115,4008,4072,5327,3420,3975,3068,7104,6261,6921,55.0,14.0,25.0,35.0,4.0,6.0,4.0,0.0,1.0,1,2
KJFK,2022-12-23 10:44:00,20,20,24,24,28,32,24,8,32,24,32,24,17,26,751,100,172,57,221,129,193,173,213,662,1775,1841,1181,1733,1740,1496,1466,1414,2550,2139,1511,575,5797,4047,4974,3991,4837,3346,4225,3464,6456,6413,6681,2282,54.0,16.0,24.0,35.0,3.0,5.0,4.0,0.0,1.0,1,2
KJFK,2022-12-23 10:56:00,20,24,24,28,28,28,8,32,24,28,28,16,22,733,92,200,57,219,125,142,205,229,641,277,1431,1743,1231,2104,1568,1478,1373,2455,2124,1378,879,1639,4668,4398,4137,5095,3228,4112,3038,7241,6203,6866,2266,2641,54.0,16.0,24.0,35.0,3.0,5.0,4.0,0.0,1.0,1,2
KJFK,2022-12-23 11:58:00,28,24,12,32,20,32,28,16,28,16,8,28,58,221,128,181,171,225,664,278,222,519,212,242,1650,1400,1446,2444,2233,1462,642,1793,1639,345,804,2882,3369,4153,3266,6736,6364,6835,2192,2857,5448,1719,1944,5481,50.0,19.0,26.0,34.0,2.0,3.0,4.0,0.0,0.0,1,2
KJFK,2022-12-23 12:32:00,12,32,24,28,28,20,28,8,12,28,28,16,119,224,176,202,661,293,193,546,191,274,401,157,1705,2316,2064,1406,721,1846,1452,412,1439,2481,779,814,5011,5122,7133,5491,2370,3642,4954,1497,2639,5767,4712,1245,48.0,18.0,27.0,36.0,2.0,2.0,4.0,0.0,0.0,1,2
KJFK,2022-12-23 12:55:00,24,28,32,16,24,24,8,20,24,28,12,12,207,213,450,460,243,542,167,263,240,347,193,217,2039,1414,962,1447,1939,455,721,2348,1560,571,778,1090,6355,6871,2325,2568,5604,2280,1354,4497,6073,2903,892,2851,48.0,18.0,27.0,36.0,2.0,2.0,4.0,0.0,0.0,1,2
KJFK,2022-12-23 13:54:00,24,24,8,20,24,28,12,12,16,32,20,16,244,541,188,225,256,365,182,229,98,527,218,173,2101,484,706,2110,1737,641,733,1059,2154,1559,782,1362,5576,2428,1327,4290,6131,3007,945,2601,5290,3102,2609,3167,48.0,18.0,26.0,36.0,3.0,7.0,4.0,0.0,0.0,1,2
KJFK,2022-12-23 14:09:00,24,8,20,24,28,12,12,16,32,20,16,20,541,188,225,256,365,182,229,98,527,218,173,176,484,706,2110,1737,641,733,1059,2154,1559,782,1362,961,2428,1327,4290,6131,3007,945,2601,5290,3102,2609,3167,3423,48.0,18.0,26.0,36.0,3.0,7.0,4.0,0.0,0.0,1,2
KJFK,2022-12-23 14:54:00,24,28,12,12,16,32,20,16,20,20,28,16,256,365,182,229,98,527,218,173,176,172,460,122,1737,641,733,1059,2154,1559,782,1362,961,1384,2339,2208,6131,3007,945,2601,5290,3102,2609,3167,3423,3506,4363,3114,46.0,19.0,27.0,37.0,4.0,7.0,4.0,0.0,1.0,1,2
KJFK,2022-12-23 15:13:00,24,8,12,28,28,16,16,20,24,24,20,20,340,204,157,427,240,205,182,178,140,500,83,54,491,918,1292,1895,1475,865,1392,1279,1665,1671,3046,2343,2213,1277,3197,5119,2518,2819,3430,3191,3752,3954,3602,7780,46.0,19.0,27.0,37.0,4.0,7.0,4.0,0.0,1.0,1,2
KJFK,2022-12-23 15:57:00,24,28,20,16,20,20,28,16,20,40,32,28,409,236,229,184,137,163,516,84,53,298,90,167,1914,1508,831,1365,1289,1561,1760,3042,2371,1262,2199,2356,5254,2553,2723,3350,3443,3696,3979,3531,7417,5059,6478,8745,46.0,19.0,28.0,37.0,5.0,7.0,4.0,0.0,1.0,1,2
KJFK,2022-12-23 16:56:00,16,24,24,20,16,40,32,32,48,28,24,48,140,161,481,119,39,310,94,162,158,115,100,119,1265,1462,1948,2750,2487,1308,2104,2355,3654,2615,3140,3454,3557,3625,4012,3486,6936,5457,6202,8742,10846,8781,8765,10330,47.0,21.0,29.0,38.0,5.0,7.0,4.0,0.0,0.0,1,2
KJFK,2022-12-23 17:59:00,20,40,32,32,44,28,28,48,36,36,40,40,74,295,71,192,137,119,87,119,196,157,294,211,2292,1317,2598,2326,3404,2827,3013,3332,2597,2830,2289,1817,8057,4428,7203,8839,11401,7807,9097,11463,10126,12354,11267,9277,47.0,21.0,29.0,38.0,5.0,7.0,4.0,0.0,1.0,1,2
KJFK,2022-12-23 18:02:00,24,40,28,40,40,20,36,48,32,36,48,36,80,322,45,196,154,124,69,159,181,325,101,208,2086,1411,2704,2758,2807,3150,2903,3507,2446,2851,2200,1689,7665,4629,7871,9065,11767,7284,9494,11621,10183,12220,11255,8225,47.0,21.0,29.0,38.0,5.0,7.0,4.0,0.0,1.0,1,2
KJFK,2022-12-23 18:08:00,32,32,32,48,28,24,40,44,36,40,40,40,307,87,120,175,143,94,100,186,169,303,166,231,1447,1755,2562,3743,2228,3183,3174,3027,3005,2311,1693,2028,6477,5633,8349,10078,9918,8706,9665,11384,11487,11215,10842,8412,47.0,21.0,29.0,38.0,5.0,7.0,4.0,0.0,1.0,1,2
KJFK,2022-12-23 18:22:00,36,32,44,32,24,40,44,32,44,40,36,28,87,108,189,119,116,99,179,157,317,172,231,129,1532,2746,3670,2293,3061,2990,3221,3045,2287,1857,1931,2239,5394,8408,9802,10242,8432,9763,11366,11441,11197,10939,8384,8158,47.0,21.0,29.0,38.0,5.0,7.0,4.0,0.0,1.0,1,2
KJFK,2022-12-23 18:32:00,28,40,40,20,36,48,32,36,48,36,32,16,45,196,154,124,69,159,181,325,101,208,218,142,2704,2758,2807,3150,2903,3507,2446,2851,2200,1689,1894,2163,7871,9065,11767,7284,9494,11621,10183,12220,11255,8225,9177,4917,39.0,25.0,34.0,45.0,5.0,7.0,4.0,0.0,1.0,1,2
KJFK,2022-12-23 18:42:00,28,48,28,24,48,36,36,40,44,36,20,28,167,157,116,96,119,197,150,297,183,223,154,322,2356,3573,2714,3028,3525,2539,2906,2257,1907,2083,1957,2213,8745,11049,8419,8885,10792,10634,12066,11325,10036,8018,6146,8025,39.0,25.0,34.0,45.0,5.0,7.0,4.0,0.0,1.0,1,2
KJFK,2022-12-23 18:45:00,36,44,24,28,52,32,36,44,40,32,20,28,186,162,98,98,128,185,144,296,214,199,158,340,2642,3025,2860,3039,3514,2404,2865,2296,1827,1851,2070,2646,8838,11586,7549,9245,11636,10061,12399,11225,8872,8390,5797,8595,39.0,25.0,34.0,45.0,5.0,7.0,4.0,0.0,1.0,1,2
KJFK,2022-12-23 18:49:00,44,36,20,40,48,32,36,44,36,32,20,32,190,126,135,53,177,164,333,121,222,185,136,351,3155,2384,3158,2854,3440,2797,2571,2043,1841,2180,1894,3018,9400,11420,7480,9726,11568,10630,11841,11157,8082,9446,4369,9272,39.0,25.0,34.0,45.0,5.0,7.0,4.0,0.0,1.0,1,2
KJFK,2022-12-23 19:01:00,40,24,36,44,36,36,40,44,32,16,32,36,162,124,70,139,178,141,308,202,219,145,340,405,2880,2959,3029,3515,2361,2944,2163,1803,1844,2168,2749,2373,11762,7313,9388,11674,10123,12334,11255,8523,8756,5298,8869,7118,39.0,25.0,34.0,45.0,5.0,7.0,4.0,0.0,1.0,1,2
KJFK,2022-12-23 19:09:00,28,24,44,36,36,44,40,36,24,24,40,28,138,103,90,187,170,304,174,231,138,325,140,407,2340,3188,3294,2806,2975,2309,1666,2218,2051,2090,3121,2047,9587,8736,9894,11276,11592,11278,10676,8239,7239,6464,8367,7074,39.0,25.0,34.0,45.0,5.0,7.0,4.0,0.0,1.0,1,2
KJFK,2022-12-23 19:24:00,24,44,36,36,44,40,36,24,24,40,28,32,103,90,187,170,304,174,231,138,325,140,407,361,3188,3294,2806,2975,2309,1666,2218,2051,2090,3121,2047,1742,8736,9894,11276,11592,11278,10676,8239,7239,6464,8367,7074,7601,39.0,25.0,34.0,45.0,5.0,7.0,4.0,0.0,1.0,1,2
KJFK,2022-12-23 19:30:00,28,52,32,36,44,40,32,20,28,40,32,28,98,128,185,144,296,214,199,158,340,394,364,134,3039,3514,2404,2865,2296,1827,1851,2070,2646,2594,2076,1924,9245,11636,10061,12399,11225,8872,8390,5797,8595,7095,7252,7838,33.0,25.0,35.0,45.0,5.0,7.0,4.0,0.0,1.0,1,2
KJFK,2022-12-23 19:54:00,36,36,44,40,36,24,24,40,28,32,24,36,187,170,304,174,231,138,325,140,407,361,99,232,2806,2975,2309,1666,2218,2051,2090,3121,2047,1742,2007,2261,11276,11592,11278,10676,8239,7239,6464,8367,7074,7601,5986,6638,33.0,25.0,35.0,45.0,5.0,7.0,4.0,0.0,1.0,1,2
KJFK,2022-12-23 20:06:00,36,36,44,36,32,16,40,32,32,24,36,32,166,324,97,244,165,173,317,429,331,125,211,135,3060,2201,2035,1896,2160,2050,3198,1925,1891,2045,2107,1738,11192,11362,11093,8215,8745,4880,8933,7223,7241,6632,6631,6543,33.0,25.0,35.0,45.0,5.0,7.0,4.0,0.0,1.0,1,2
KJFK,2022-12-23 20:07:00,32,44,40,36,28,20,36,32,36,24,32,32,157,317,172,231,129,152,329,410,338,121,225,122,3045,2287,1857,1931,2239,2118,3143,1907,1897,1993,2123,1787,11441,11197,10939,8384,8158,5331,8806,7188,7446,6314,6639,6911,33.0,25.0,35.0,45.0,5.0,7.0,4.0,0.0,1.0,1,2
KJFK,2022-12-23 20:54:00,36,24,24,40,28,32,24,36,36,24,36,36,231,138,325,140,407,361,99,232,116,86,209,107,2218,2051,2090,3121,2047,1742,2007,2261,1852,2263,2164,3620,8239,7239,6464,8367,7074,7601,5986,6638,7449,6294,7553,13316,28.0,26.0,32.0,43.0,5.0,7.0,3.0,0.0,0.0,1,2
KJFK,2022-12-23 21:04:00,32,20,32,36,32,24,32,36,24,32,44,24,185,136,351,414,348,119,215,136,78,206,107,129,2180,1894,3018,2140,1945,2032,1946,1935,2303,2243,3614,2221,9446,4369,9272,7225,7145,7021,6542,6042,6879,6990,11743,12181,28.0,26.0,32.0,43.0,5.0,7.0,3.0,0.0,0.0,1,2
KJFK,2022-12-23 21:33:00,36,32,32,28,28,36,24,36,40,28,0,0,345,420,341,128,203,139,84,202,112,130,71,63,2963,2216,1985,2126,1788,2098,2281,2194,3380,2434,2100,1407,9404,7018,7136,7394,6383,6018,7062,6745,11205,12679,7972,8827,24.0,26.0,37.0,48.0,6.0,7.0,3.0,0.0,0.0,1,2
KJFK,2022-12-23 21:55:00,36,28,24,32,36,24,36,44,8,0,0,0,393,372,89,237,114,189,110,105,104,76,68,77,2047,1754,1916,2297,2078,2064,2131,3743,2616,1011,1876,1183,7221,7640,5889,6597,7463,6350,7865,13284,10093,8535,7403,5745,24.0,26.0,37.0,48.0,6.0,7.0,3.0,0.0,0.0,1,2
KJFK,2022-12-23 22:54:00,36,24,36,36,16,0,0,0,0,0,0,0,116,86,209,107,111,77,56,82,80,63,54,29,1852,2263,2164,3620,2702,1072,1847,1250,764,1514,177,1166,7449,6294,7553,13316,10359,8377,7494,6028,3224,1708,2140,1447,21.0,25.0,37.0,46.0,6.0,7.0,3.0,0.0,0.0,1,2
KJFK,2022-12-23 23:09:00,24,36,36,16,0,0,0,0,0,0,0,0,86,209,107,111,77,56,82,80,63,54,29,25,2263,2164,3620,2702,1072,1847,1250,764,1514,177,1166,763,6294,7553,13316,10359,8377,7494,6028,3224,1708,2140,1447,2263,21.0,25.0,37.0,46.0,6.0,7.0,3.0,0.0,0.0,1,2
KJFK,2022-12-23 23:54:00,16,0,0,0,0,0,0,0,0,0,0,0,111,77,56,82,80,63,54,29,25,35,35,22,2702,1072,1847,1250,764,1514,177,1166,763,737,338,1064,10359,8377,7494,6028,3224,1708,2140,1447,2263,1301,634,807,19.0,26.0,34.0,44.0,6.0,7.0,3.0,0.0,0.0,1,2
KMEM,2022-12-23 00:12:00,4,0,8,0,4,4,0,4,8,0,4,12,50,80,67,45,124,96,32,37,48,29,39,46,13,33,149,2,206,41,10,257,320,145,129,314,56,0,145,0,35,382,0,0,1009,101,225,437,19.333333333333332,28.333333333333332,31.666666666666668,41.333333333333336,5.333333333333333,5.333333333333333,3.3333333333333335,0.0,0.0,3,1
KMEM,2022-12-23 00:22:00,0,4,4,0,8,0,0,12,0,4,8,8,75,79,50,99,121,33,27,58,27,32,56,50,0,176,7,38,208,8,203,307,150,87,262,219,12,105,40,0,383,34,0,839,210,276,318,459,19.666666666666668,30.666666666666668,29.333333333333332,38.666666666666664,4.666666666666667,3.6666666666666665,3.6666666666666665,0.0,0.0,3,1
KMEM,2022-12-23 00:55:00,0,4,4,0,0,12,0,4,12,4,4,12,51,123,96,32,35,50,27,41,46,51,37,27,2,177,69,9,232,341,118,141,321,183,408,438,16,0,409,8,0,959,147,229,342,533,497,1481,20.0,33.0,27.0,36.0,4.0,2.0,4.0,0.0,0.0,3,1
KMEM,2022-12-23 01:33:00,0,0,12,0,0,8,12,4,8,8,16,24,42,27,54,31,29,48,59,37,26,27,42,9,7,132,322,158,127,200,273,353,479,322,986,1833,104,0,567,459,276,279,430,533,763,1180,1014,1507,16.0,33.0,21.0,29.0,3.0,2.0,4.0,0.0,1.0,3,1
KMEM,2022-12-23 01:42:00,0,4,8,0,4,12,8,0,12,12,24,32,32,37,48,29,39,46,61,25,28,43,13,15,10,257,320,145,129,314,258,333,556,562,1664,1716,0,0,1009,101,225,437,603,496,1372,487,1452,3412,16.0,33.0,21.0,29.0,3.0,2.0,4.0,0.0,1.0,3,1
KMEM,2022-12-23 01:55:00,0,12,0,4,12,4,4,12,8,24,28,56,35,50,27,41,46,51,37,27,42,16,13,14,232,341,118,141,321,183,408,438,559,1517,1510,3000,0,959,147,229,342,533,497,1481,382,1467,2944,4969,16.0,33.0,21.0,29.0,3.0,2.0,4.0,0.0,1.0,2,1
KMEM,2022-12-23 02:49:00,8,12,4,8,8,20,24,48,56,44,44,36,48,59,37,26,27,41,9,15,35,15,13,14,206,262,393,482,314,961,1852,2360,2276,1901,4514,3464,273,425,588,750,1149,1023,1685,4510,6226,7015,7140,8660,12.0,32.0,24.0,34.0,4.0,5.0,4.0,0.0,1.0,2,1
KMEM,2022-12-23 03:03:00,12,4,8,8,16,24,44,60,48,40,40,64,59,37,26,27,42,9,14,36,14,12,14,17,273,353,479,322,986,1833,2110,2445,1890,4460,3478,2670,430,533,763,1180,1014,1507,4446,6176,6779,7348,8227,13082,12.0,32.0,24.0,34.0,4.0,5.0,4.0,0.0,1.0,2,1
KMEM,2022-12-23 03:06:00,8,4,8,8,20,24,52,52,48,48,40,64,60,37,27,30,33,9,15,37,14,12,15,17,240,485,400,444,954,1855,2731,1974,2238,4259,3462,2807,379,599,976,935,1041,2162,4609,6596,6707,7403,9104,13177,12.0,32.0,24.0,34.0,4.0,5.0,4.0,0.0,1.0,2,1
KMEM,2022-12-23 03:18:00,4,8,8,16,24,44,60,48,40,40,64,64,37,26,27,42,9,14,36,14,12,14,17,19,353,479,322,986,1833,2110,2445,1890,4460,3478,2670,4132,533,763,1180,1014,1507,4446,6176,6779,7348,8227,13082,10305,12.0,32.0,24.0,34.0,4.0,5.0,4.0,0.0,1.0,1,1
KMEM,2022-12-23 03:55:00,8,24,28,56,52,44,44,44,72,68,52,40,42,16,13,14,35,15,12,16,19,28,3,3,559,1517,1510,3000,1876,2566,4150,3559,3136,3311,2458,3319,382,1467,2944,4969,7074,6566,7430,10400,12938,9112,8294,4955,10.0,32.0,21.0,30.0,5.0,7.0,4.0,0.0,0.0,1,1
KMEM,2022-12-23 04:28:00,36,56,48,40,44,56,68,68,48,40,48,28,15,16,30,15,12,16,21,26,3,3,3,5,1746,2726,1949,3411,3755,3547,3314,2833,2914,2523,1476,914,3588,5350,7142,6735,7770,11580,11869,9145,7433,4690,3663,2571,10.0,32.0,21.0,30.0,5.0,7.0,4.0,0.0,0.0,1,3
KMEM,2022-12-23 04:40:00,56,52,44,44,44,72,68,52,40,48,28,24,14,35,15,12,16,19,28,3,3,3,6,4,3000,1876,2566,4150,3559,3136,3311,2458,3319,1486,961,902,4969,7074,6566,7430,10400,12938,9112,8294,4955,3797,2959,1772,8.0,32.0,20.0,29.0,5.0,7.0,4.0,0.0,0.0,1,3
KMEM,2022-12-23 04:42:00,56,52,36,48,48,72,72,44,40,48,28,20,16,29,15,12,16,21,27,3,3,3,5,5,2739,1916,3209,3789,3608,3057,3131,2705,2850,1503,871,916,5187,7152,6631,7713,11254,12221,9020,7667,4868,3512,2810,1839,8.0,32.0,20.0,29.0,5.0,7.0,4.0,0.0,0.0,1,3
KMEM,2022-12-23 04:59:00,48,44,40,56,68,68,48,36,48,28,16,8,31,13,13,16,20,24,3,3,3,5,5,22,2023,3669,3606,3447,3357,2702,3083,2437,1402,878,861,61,7143,6821,7798,11935,11511,9256,6968,4726,3615,2444,1616,275,8.0,32.0,20.0,29.0,5.0,7.0,4.0,0.0,0.0,1,3
KMEM,2022-12-23 05:16:00,48,36,60,68,68,44,44,40,28,12,8,0,12,14,16,18,24,3,3,4,4,6,22,10,4060,3357,3230,3716,2396,3413,2089,1436,723,737,60,200,6922,8055,12537,10879,9235,6502,4520,3846,2169,1208,269,49,8.0,32.0,20.0,29.0,5.0,7.0,4.0,0.0,0.0,1,3
KMEM,2022-12-23 06:01:00,68,68,44,44,40,28,12,8,0,12,8,4,18,24,3,3,4,4,6,22,10,4,13,16,3716,2396,3413,2089,1436,723,737,60,200,591,218,179,10879,9235,6502,4520,3846,2169,1208,269,49,748,267,201,3.0,32.0,19.0,26.0,8.0,7.0,4.0,0.0,0.0,1,3
KMEM,2022-12-23 06:54:00,44,32,20,12,0,8,12,4,4,8,0,4,3,6,4,9,23,3,6,16,20,39,39,85,1463,1073,804,238,53,443,528,43,187,122,9,110,3846,2977,1886,515,73,643,319,167,270,133,182,31,3.0,32.0,17.0,25.0,8.0,7.0,3.0,0.0,0.0,1,3
KMEM,2022-12-23 06:55:00,48,28,24,8,0,8,12,4,8,4,0,4,3,6,4,9,23,3,7,16,21,39,40,87,1486,961,902,130,60,574,389,61,172,120,9,110,3797,2959,1772,521,37,697,265,207,263,100,182,35,3.0,32.0,17.0,25.0,8.0,7.0,3.0,0.0,0.0,1,3
KMEM,2022-12-23 07:24:00,20,12,0,8,12,4,4,8,0,4,0,0,4,9,23,3,6,16,20,39,39,85,90,113,804,238,53,443,528,43,187,122,9,110,5,3,1886,515,73,643,319,167,270,133,182,31,137,0,3.0,32.0,17.0,25.0,8.0,7.0,3.0,0.0,0.0,1,3
KMEM,2022-12-23 07:57:00,0,8,12,4,8,4,0,4,0,0,0,8,20,5,7,17,24,39,47,94,78,117,97,148,89,642,293,139,103,111,9,109,3,3,29,417,22,697,266,282,221,66,182,124,44,0,0,641,2.0,33.0,18.0,25.0,8.0,7.0,3.0,0.0,0.0,1,3
KMEM,2022-12-23 08:55:00,8,4,0,4,0,0,0,8,0,0,0,0,21,39,40,87,88,114,98,146,110,184,146,220,172,120,9,110,4,3,10,375,63,3,0,2,263,100,182,35,133,0,0,488,221,0,0,0,0.0,32.0,14.0,21.0,8.0,7.0,3.0,0.0,0.0,1,3
KMEM,2022-12-23 09:54:00,0,0,0,8,0,0,0,0,0,0,0,4,90,113,98,145,107,182,149,221,256,222,210,301,5,3,10,307,131,3,0,2,4,9,155,32,137,0,0,316,393,0,0,0,0,0,150,49,1.0,31.0,16.0,22.0,8.0,7.0,2.0,0.0,0.0,3,1
KMEM,2022-12-23 10:52:00,4,0,0,0,0,0,0,4,0,0,0,4,108,181,141,216,267,221,198,292,323,426,391,274,258,3,0,2,4,8,146,40,12,14,13,52,655,0,0,0,0,0,36,163,0,0,0,12,0.0,31.0,14.0,22.0,8.0,7.0,0.0,0.0,0.0,3,1
KMEM,2022-12-23 10:55:00,0,0,0,0,0,0,0,4,0,0,0,4,110,184,146,220,257,227,221,291,343,468,338,251,63,3,0,2,4,9,168,19,11,14,14,67,221,0,0,0,0,0,177,22,0,0,0,42,0.0,31.0,14.0,22.0,8.0,7.0,0.0,0.0,0.0,3,1
KMEM,2022-12-23 11:57:00,0,0,4,0,0,0,0,4,4,4,8,0,243,219,243,294,371,451,312,266,331,314,263,271,5,17,161,19,11,14,13,70,104,208,103,8,0,0,199,0,0,0,0,42,120,51,345,0,0.0,32.0,14.0,20.0,8.0,7.0,0.0,0.0,0.0,3,1
KMEM,2022-12-23 12:46:00,0,0,0,0,4,4,8,4,0,0,0,4,288,410,438,275,268,405,242,247,298,187,244,150,17,10,14,20,118,53,241,66,9,14,17,580,0,0,0,0,42,120,255,141,0,0,0,651,0.0,32.0,13.0,0.0,8.0,7.0,2.0,0.0,0.0,3,1
KMEM,2022-12-23 12:56:00,0,0,0,4,4,0,12,0,0,0,4,4,347,486,312,268,326,317,264,261,240,262,151,120,10,14,14,67,107,203,109,8,13,16,313,377,0,0,0,42,120,29,367,0,0,0,276,716,0.0,32.0,13.0,0.0,8.0,7.0,2.0,0.0,0.0,3,1
KMEM,2022-12-23 13:55:00,4,0,12,0,0,0,4,4,4,8,12,20,328,323,260,274,246,266,151,122,107,108,71,67,97,201,121,8,11,18,299,368,343,522,1034,1075,120,26,370,0,0,0,120,826,996,899,1115,2329,1.0,32.0,11.0,18.0,8.0,7.0,0.0,0.0,0.0,3,1
KMEM,2022-12-23 14:55:00,0,0,4,4,4,8,12,20,12,12,0,12,246,266,151,122,107,108,71,67,61,35,78,194,11,18,299,368,343,522,1034,1075,1213,805,174,620,0,0,120,826,996,899,1115,2329,1700,778,0,902,4.0,31.0,16.0,22.0,8.0,7.0,3.0,0.0,0.0,3,1
KMEM,2022-12-23 15:04:00,0,0,4,8,8,8,20,16,8,4,4,16,199,222,138,113,113,89,56,66,46,56,206,37,19,14,601,339,486,704,1236,1251,715,393,472,397,0,0,651,1203,723,958,2156,1895,984,193,285,960,4.0,31.0,16.0,22.0,8.0,7.0,3.0,0.0,0.0,3,1
KMEM,2022-12-23 15:52:00,4,8,12,20,12,8,4,8,16,0,0,8,103,112,81,56,74,38,63,208,31,58,126,37,319,548,974,1021,1248,830,223,599,219,175,114,467,1211,811,1034,2498,1543,821,143,754,566,67,0,311,4.0,31.0,14.0,20.0,5.0,7.0,4.0,0.0,0.0,3,1
KMEM,2022-12-23 15:59:00,0,12,16,16,16,4,4,16,4,0,4,12,115,96,60,66,60,34,230,37,33,146,49,21,156,509,1348,1038,1175,521,248,665,155,85,376,494,777,954,1368,2476,1703,261,169,1074,142,2,116,895,4.0,31.0,14.0,20.0,5.0,7.0,4.0,0.0,0.0,3,1
KMEM,2022-12-23 16:57:00,12,8,0,16,8,0,4,12,4,16,8,28,59,36,132,138,31,63,122,31,137,14,28,35,1214,586,225,680,160,86,357,479,484,732,450,1316,1759,518,39,1170,176,2,116,717,968,607,529,2743,8.0,30.0,14.0,19.0,5.0,7.0,4.0,0.0,0.0,4,3
KMEM,2022-12-23 17:52:00,16,0,0,8,12,12,8,16,36,28,4,8,31,58,126,37,139,14,18,44,137,46,55,52,219,175,114,467,656,767,398,643,2008,616,406,292,566,67,0,311,1376,715,304,1177,4189,2016,681,365,10.0,30.0,14.0,20.0,5.0,7.0,4.0,0.0,0.0,4,3
KMEM,2022-12-23 17:54:00,12,0,0,12,8,12,8,24,32,24,8,4,28,59,125,39,136,14,17,45,140,47,61,63,216,157,142,553,591,740,391,1015,1699,664,347,254,520,4,36,351,1329,686,326,1791,3719,1932,763,214,10.0,30.0,14.0,20.0,5.0,7.0,4.0,0.0,0.0,4,3
KMEM,2022-12-23 18:55:00,8,12,8,28,32,20,12,0,20,12,12,12,137,14,25,37,141,46,61,64,47,286,113,80,555,753,387,1276,1451,656,334,247,743,629,670,286,1241,669,331,2047,3500,1948,851,68,1320,877,487,1191,9.0,29.0,15.0,20.0,7.0,7.0,3.0,0.0,0.0,2,2
KMEM,2022-12-23 19:24:00,8,24,32,24,8,4,20,8,16,12,4,4,17,45,140,47,61,63,46,285,116,79,116,119,391,1015,1699,664,347,254,737,632,674,264,295,113,326,1791,3719,1932,763,214,1263,869,552,1172,98,351,9.0,29.0,15.0,20.0,7.0,7.0,3.0,0.0,0.0,4,3
KMEM,2022-12-23 19:58:00,32,12,12,4,20,8,12,12,8,0,12,4,152,42,56,61,53,291,108,86,123,110,112,125,1285,639,425,245,709,582,694,309,197,126,318,271,2754,1538,827,78,1360,1012,416,1096,305,132,327,693,11.0,30.0,16.0,22.0,8.0,7.0,3.0,0.0,0.0,4,3
KMEM,2022-12-23 20:11:00,20,12,0,20,12,12,12,4,4,8,4,4,53,56,64,50,285,113,85,119,116,109,132,54,656,394,198,742,627,670,301,239,127,296,278,320,1913,841,61,1337,987,356,1216,141,271,234,789,937,11.0,30.0,16.0,22.0,8.0,7.0,3.0,0.0,0.0,3,2
KMEM,2022-12-23 20:29:00,12,4,20,8,12,12,8,4,8,4,4,16,60,57,55,290,109,92,121,116,103,122,61,131,432,237,754,544,683,320,184,133,334,251,434,476,814,129,1374,959,537,970,325,180,321,638,1172,817,11.0,30.0,16.0,22.0,8.0,7.0,3.0,0.0,0.0,3,2
KMEM,2022-12-23 20:43:00,4,20,8,12,12,8,0,12,4,4,16,4,61,53,291,108,86,123,110,112,125,56,138,44,245,709,582,694,309,197,126,318,271,417,495,136,78,1360,1012,416,1096,305,132,327,693,1062,926,71,12.0,29.0,15.0,21.0,8.0,7.0,3.0,0.0,0.0,4,3
KMEM,2022-12-23 20:56:00,20,12,12,12,4,4,8,4,4,16,4,4,50,285,113,85,119,116,109,132,54,139,37,94,742,627,670,301,239,127,296,278,320,604,146,20,1337,987,356,1216,141,271,234,789,937,983,138,203,12.0,29.0,15.0,21.0,8.0,7.0,3.0,0.0,0.0,4,3
KMEM,2022-12-23 22:00:00,8,4,8,4,8,12,4,0,0,0,0,0,103,115,104,127,59,129,47,91,13,14,15,8,166,128,340,245,481,429,136,15,96,19,117,106,326,215,407,620,1158,733,120,102,193,15,80,118,13.0,30.0,14.0,20.0,8.0,7.0,3.0,0.0,0.0,4,3
KMEM,2022-12-23 22:59:00,4,16,4,0,0,0,0,0,0,0,0,0,61,131,49,91,14,13,16,8,9,7,7,8,434,476,136,15,96,17,111,114,11,40,15,20,1172,817,68,167,188,20,80,69,334,0,0,0,13.0,30.0,13.0,0.0,8.0,7.0,2.0,0.0,0.0,4,3
KMEM,2022-12-23 23:55:00,0,0,0,0,0,0,0,0,0,0,0,0,29,19,14,11,4,10,7,5,10,25,13,81,63,49,67,160,10,42,13,20,11,10,9,12,14,193,67,24,397,0,0,0,0,0,0,0,12.0,30.0,10.0,0.0,8.0,7.0,1.0,0.0,0.0,4,3
KMIA,2022-12-23 00:56:00,48,52,56,60,44,32,24,52,28,20,20,20,185,206,237,235,172,209,277,199,194,250,137,151,1159,1204,1590,1739,1200,1612,1830,1240,854,1064,874,628,3067,2806,2326,4244,2568,2745,1886,2613,1451,1435,1740,1056,76.0,26.0,5.0,0.0,8.0,7.0,4.0,0.0,0.0,4,3
KMIA,2022-12-23 01:53:00,48,36,24,48,28,28,16,20,8,12,36,16,205,177,275,230,189,215,180,135,121,115,104,182,1147,1661,1560,1631,791,1187,820,755,135,934,1791,1057,2953,2705,1936,2738,1652,1529,1282,1486,350,900,2430,2808,75.0,25.0,3.0,0.0,8.0,7.0,4.0,0.0,0.0,4,3
KMIA,2022-12-23 03:06:00,24,16,24,4,16,32,16,12,16,8,8,0,237,179,136,126,111,101,178,108,19,46,46,18,1231,874,599,275,761,1756,1276,309,599,897,188,38,1444,1448,1462,454,893,2268,2925,885,551,751,745,0,75.0,22.0,4.0,0.0,8.0,7.0,3.0,0.0,0.0,3,3
KMIA,2022-12-23 03:20:00,20,24,4,12,36,12,16,16,4,12,0,8,191,142,127,109,100,181,84,43,43,44,23,57,949,566,323,694,1690,1416,311,563,929,198,20,660,1513,1407,521,871,2187,2901,996,555,726,788,8,599,75.0,22.0,4.0,0.0,8.0,7.0,3.0,0.0,0.0,2,2
KMIA,2022-12-23 03:59:00,8,24,28,16,4,16,8,4,0,16,0,0,116,91,149,148,72,25,46,41,23,87,13,13,380,1335,1555,706,477,459,851,72,242,637,28,24,502,1802,2353,2077,570,750,994,56,124,1196,9,0,75.0,22.0,3.0,0.0,8.0,7.0,4.0,0.0,0.0,2,2
KMIA,2022-12-23 04:51:00,12,16,8,8,0,8,8,0,0,8,20,0,108,19,46,46,18,56,55,8,17,10,17,27,309,599,897,188,38,733,129,29,66,211,798,26,885,551,751,745,0,760,569,0,101,375,1625,865,74.0,17.0,2.0,0.0,8.0,7.0,4.0,0.0,0.0,2,2
KMIA,2022-12-23 04:59:00,4,16,8,4,0,16,0,0,4,12,12,0,72,25,46,41,23,87,13,13,15,18,24,9,477,459,851,72,242,637,28,24,81,621,375,16,570,750,994,56,124,1196,9,0,138,893,1633,335,74.0,17.0,2.0,0.0,8.0,7.0,4.0,0.0,0.0,2,2
KMIA,2022-12-23 05:53:00,0,12,4,0,4,8,16,0,4,8,4,0,21,54,54,7,18,10,26,17,5,11,31,3,101,770,31,26,75,224,780,23,296,547,14,34,0,969,360,0,111,404,1722,762,221,775,283,0,74.0,18.0,2.0,0.0,8.0,7.0,4.0,0.0,0.0,2,2
KMIA,2022-12-23 06:54:00,4,8,16,0,4,12,0,0,8,0,8,8,19,22,13,17,4,11,31,3,14,7,35,7,81,238,761,18,364,488,5,80,242,48,250,245,118,430,1760,691,298,726,255,0,226,69,193,371,73.0,19.0,4.0,0.0,8.0,7.0,4.0,0.0,0.0,2,2
KMIA,2022-12-23 07:55:00,8,8,0,4,4,0,8,8,4,4,16,12,0,11,31,3,14,7,35,7,9,43,22,48,398,454,5,198,143,29,283,222,63,290,775,144,503,567,209,20,213,62,199,404,144,194,660,325,73.0,20.0,5.0,0.0,8.0,7.0,4.0,0.0,0.0,2,2
KMIA,2022-12-23 08:54:00,8,0,8,8,4,4,16,8,20,24,20,8,14,7,35,7,9,43,22,48,42,107,29,66,242,48,250,245,73,234,800,150,1207,1049,668,725,226,69,193,371,183,191,610,355,1378,1449,772,1454,73.0,22.0,4.0,0.0,8.0,7.0,4.0,0.0,0.0,2,2
KMIA,2022-12-23 09:59:00,8,0,20,12,20,24,12,16,12,12,32,32,11,49,38,32,76,82,24,62,133,154,147,137,74,344,736,154,1773,506,948,467,618,280,1864,1307,74,201,755,331,1725,1118,1585,691,553,408,1782,2152,73.0,20.0,5.0,0.0,8.0,7.0,4.0,0.0,0.0,2,2
KMIA,2022-12-23 10:53:00,16,28,16,12,20,4,28,36,20,12,28,44,25,104,49,65,77,95,197,182,56,72,130,156,925,1323,624,701,626,301,1267,1580,1015,466,1098,2413,1291,1501,705,1548,607,268,1060,2343,1821,864,1636,2412,73.0,23.0,6.0,0.0,8.0,7.0,4.0,0.0,0.0,2,2
KMIA,2022-12-23 11:55:00,20,4,32,36,20,16,28,40,36,32,44,16,84,178,155,135,54,85,119,167,166,83,173,318,599,266,1430,1482,1003,496,1201,2368,2225,1281,1490,991,671,252,1166,2443,1654,854,1880,2264,4495,2245,2520,1616,73.0,23.0,3.0,0.0,8.0,5.0,4.0,1.0,0.0,2,2
KMIA,2022-12-23 11:57:00,16,8,32,36,20,16,28,40,36,28,48,20,117,162,156,136,31,113,109,156,167,96,168,318,620,259,1638,1362,875,665,1441,2282,2127,1183,1421,1205,608,325,1452,2401,1491,796,2149,2307,4508,2172,2383,1795,73.0,23.0,3.0,0.0,8.0,5.0,4.0,1.0,0.0,2,2
KMIA,2022-12-23 12:53:00,20,12,28,44,40,28,40,24,44,44,48,48,56,72,130,156,160,90,162,314,192,215,245,243,1015,466,1098,2413,2198,1404,1443,964,1803,2100,1831,1936,1821,864,1636,2412,4217,2524,2392,1683,2918,3625,3213,4338,73.0,22.0,6.0,0.0,7.0,5.0,4.0,2.0,1.0,2,2
KMIA,2022-12-23 13:07:00,12,28,40,40,28,40,24,44,48,48,44,44,72,131,134,158,110,160,210,300,196,252,247,209,451,1047,2290,2287,1453,1465,870,1822,2125,1838,1889,2501,828,1620,2437,4046,2723,2275,1800,2754,3547,3344,4212,3575,73.0,22.0,6.0,0.0,7.0,5.0,4.0,2.0,1.0,2,2
KMIA,2022-12-23 13:34:00,36,44,32,36,28,44,40,44,48,44,56,32,126,163,108,135,228,270,210,246,236,230,275,256,2013,2467,1697,1395,743,2004,2047,1656,1773,2618,1668,800,2510,3329,3284,2385,1827,2352,3779,2790,4335,4065,2913,1573,75.0,25.0,6.0,0.0,7.0,6.0,4.0,3.0,1.0,2,2
KMIA,2022-12-23 13:54:00,40,28,44,20,44,48,44,52,44,48,28,28,170,84,162,323,186,212,257,244,209,281,296,240,2199,1420,1435,970,1851,2024,1888,2005,2291,1626,668,1473,4369,2390,2451,1621,2888,3719,3232,4500,3296,2688,1402,2294,75.0,25.0,6.0,0.0,7.0,6.0,4.0,3.0,1.0,4,3
KMIA,2022-12-23 13:59:00,32,32,44,20,44,52,44,52,44,48,20,28,148,93,201,297,215,236,226,231,237,289,276,259,2093,1168,1154,1599,1783,1636,2156,1992,2253,1212,1268,1038,4469,2194,2039,2038,3246,3213,3603,4739,2901,2280,1363,2101,75.0,25.0,6.0,0.0,7.0,6.0,4.0,3.0,1.0,4,3
KMIA,2022-12-23 14:09:00,28,44,20,44,48,44,52,44,48,28,28,16,84,162,323,186,212,257,244,209,281,296,240,301,1420,1435,970,1851,2024,1888,2005,2291,1626,668,1473,850,2390,2451,1621,2888,3719,3232,4500,3296,2688,1402,2294,1402,75.0,25.0,6.0,0.0,7.0,6.0,4.0,3.0,1.0,4,3
KMIA,2022-12-23 14:24:00,44,20,44,48,44,52,44,48,28,28,16,32,162,323,186,212,257,244,209,281,296,240,301,263,1435,970,1851,2024,1888,2005,2291,1626,668,1473,850,1517,2451,1621,2888,3719,3232,4500,3296,2688,1402,2294,1402,1971,75.0,25.0,6.0,0.0,7.0,6.0,4.0,3.0,1.0,4,3
KMIA,2022-12-23 14:54:00,44,48,44,52,44,48,28,28,16,32,24,36,186,212,257,244,209,281,296,240,301,263,274,294,1851,2024,1888,2005,2291,1626,668,1473,850,1517,1686,1074,2888,3719,3232,4500,3296,2688,1402,2294,1402,1971,1750,1687,73.0,22.0,8.0,15.0,6.0,6.0,4.0,2.0,1.0,4,3
KMIA,2022-12-23 16:06:00,56,24,32,16,32,24,36,28,24,40,44,36,276,272,286,282,266,277,289,238,243,203,156,125,1696,626,1568,921,1555,1284,1499,992,1183,1664,1549,1878,2923,1356,2284,1608,1933,1336,2259,1099,2125,3056,3445,2362,75.0,27.0,5.0,0.0,8.0,7.0,3.0,0.0,0.0,4,3
KMIA,2022-12-23 16:55:00,20,28,28,32,28,32,40,44,32,44,36,36,296,273,272,289,236,271,168,165,110,174,222,310,826,1411,1905,844,1062,1446,1477,1901,2042,2227,1950,2118,1428,1892,1959,1437,1783,2439,2821,3252,2394,2718,3247,3367,76.0,24.0,8.0,0.0,8.0,7.0,3.0,0.0,0.0,4,3
KMIA,2022-12-23 17:53:00,32,24,40,44,36,40,36,40,44,40,32,8,242,224,201,182,112,171,215,307,111,154,110,195,1036,1364,1570,1743,1956,2308,2004,1974,1423,1209,1022,557,1636,2145,2908,3300,2421,2514,3022,3854,2045,2060,1932,808,78.0,25.0,9.0,0.0,8.0,7.0,3.0,0.0,0.0,4,3
KMIA,2022-12-23 18:54:00,36,40,36,40,44,36,32,8,4,28,40,28,106,179,217,302,106,162,115,186,163,104,155,82,2040,2288,1925,2112,1216,1416,889,448,192,1092,1099,1139,2479,2596,2916,3839,2062,2090,1849,715,493,1052,1792,1798,80.0,26.0,8.0,0.0,8.0,7.0,2.0,0.0,0.0,4,3
KMIA,2022-12-23 19:54:00,44,36,32,8,4,28,40,28,36,48,56,56,106,162,115,186,163,104,155,82,168,56,51,150,1216,1416,889,448,192,1092,1099,1139,1550,2025,2101,2301,2062,2090,1849,715,493,1052,1792,1798,1929,3282,2987,3150,80.0,26.0,10.0,17.0,8.0,7.0,3.0,0.0,0.0,4,3
KMIA,2022-12-23 20:53:00,4,24,44,28,32,48,56,52,64,48,44,56,159,98,161,78,182,55,44,138,138,97,92,96,143,1120,1071,1079,1480,2067,2101,2119,2776,1360,2156,1893,460,922,1910,1790,1882,3220,2918,3123,5418,3937,2161,3892,80.0,27.0,8.0,0.0,8.0,7.0,3.0,0.0,0.0,4,3
KMIA,2022-12-23 21:57:00,40,44,52,60,64,44,48,48,4,0,0,0,160,58,111,155,77,88,97,96,74,44,39,40,1839,1909,2050,2838,2012,1800,1979,1573,1359,1939,1395,1508,2059,2966,3236,3834,5240,3324,2484,3186,2630,1891,1674,796,77.0,28.0,8.0,0.0,8.0,7.0,3.0,0.0,0.0,4,3
KMIA,2022-12-23 22:53:00,64,48,44,56,12,0,0,0,0,0,0,0,138,97,92,96,73,65,33,47,28,51,41,33,2776,1360,2156,1893,1380,1981,1436,1001,1978,1122,804,705,5418,3937,2161,3892,1928,2526,1893,703,1812,2021,1689,798,76.0,28.0,9.0,0.0,8.0,7.0,3.0,0.0,0.0,4,3
KMIA,2022-12-23 23:54:00,8,0,0,0,0,0,0,0,0,0,0,0,76,60,31,48,29,50,45,30,26,23,25,24,1383,1976,1379,1173,1953,997,824,663,250,37,98,25,2112,2399,1822,745,1954,1799,1796,775,508,19,8,0,74.0,28.0,9.0,16.0,8.0,7.0,3.0,0.0,0.0,4,3
KORD,2022-12-23 00:14:00,32,40,40,52,44,60,56,60,28,20,16,24,164,105,166,217,158,223,212,252,155,164,207,255,549,465,1201,1007,1747,2299,2449,2302,1156,1629,506,1382,891,875,1838,3724,3066,6711,5862,7011,2848,5154,1828,4339,60.0,28.2,10.4,17.4,7.2,6.2,3.2,0.0,0.2,2,2
KORD,2022-12-23 00:17:00,36,40,40,52,44,64,52,56,28,20,16,24,144,119,171,221,156,235,227,204,173,158,236,247,627,573,1229,1052,1698,2477,2299,2209,1214,1567,546,1297,929,943,2106,3604,3689,7433,6244,6497,2672,3767,2589,3829,46.0,28.4,11.8,18.8,6.4,5.4,3.4,0.0,0.4,2,2
KORD,2022-12-23 00:24:00,52,36,40,56,44,60,56,44,24,16,20,24,109,161,191,216,143,233,272,162,170,180,264,274,552,829,1294,1457,2085,2262,2441,1420,1540,964,1012,1207,632,1550,2918,3599,5402,5650,7470,4227,5759,502,4751,2014,32.0,28.6,13.2,20.2,5.6,4.6,3.6,0.0,0.6000000000000001,2,2
KORD,2022-12-23 00:27:00,52,40,44,48,56,56,56,36,24,12,24,20,112,164,208,181,197,201,275,157,154,183,279,299,528,1081,1111,1641,2087,2565,2380,1249,1426,753,1226,1104,766,1768,3530,2889,6122,5669,7406,3470,5561,883,4812,1592,18.0,28.8,14.6,21.6,4.8,3.8,3.8,0.0,0.8,2,3
KORD,2022-12-23 00:40:00,36,40,56,44,64,60,36,24,16,24,20,12,175,173,218,170,207,271,162,172,180,271,290,237,869,1250,1515,2136,2322,2465,1311,1536,874,1054,1214,862,1667,3125,3338,5560,5629,7530,3979,5789,540,4900,1828,2378,4.0,29.0,16.0,23.0,4.0,3.0,4.0,0.0,1.0,2,2
KORD,2022-12-23 00:52:00,40,56,40,68,52,48,24,16,24,24,8,12,175,211,176,209,272,166,162,201,242,255,283,320,1323,1343,1956,2327,2327,1649,1651,1031,869,1095,996,809,2384,3714,5049,6011,7222,4780,5634,672,4236,2396,2044,1036,4.0,29.0,16.0,23.0,4.0,3.0,4.0,0.0,1.0,2,2
KORD,2022-12-23 01:09:00,56,44,60,56,44,24,16,20,24,12,8,12,216,143,233,272,162,170,180,264,274,256,347,286,1457,2085,2262,2441,1420,1540,964,1012,1207,883,713,715,3599,5402,5650,7470,4227,5759,502,4751,2014,2312,812,2350,4.0,29.0,16.0,23.0,4.0,3.0,4.0,0.0,1.0,2,3
KORD,2022-12-23 01:34:00,68,52,52,24,20,20,24,12,16,12,4,24,243,247,159,189,181,221,248,298,307,289,291,219,2459,2341,2019,1459,1373,540,1346,913,979,687,370,1537,7140,6393,5948,3968,2385,3422,3043,1670,1609,2847,1825,4864,1.0,30.0,19.0,26.0,5.0,4.0,3.0,0.0,1.0,2,3
KORD,2022-12-23 01:39:00,60,56,44,24,16,20,24,12,8,12,12,24,233,272,162,170,180,264,274,256,347,286,229,228,2262,2441,1420,1540,964,1012,1207,883,713,715,494,1844,5650,7470,4227,5759,502,4751,2014,2312,812,2350,3728,3898,1.0,30.0,19.0,26.0,5.0,4.0,3.0,0.0,1.0,2,3
KORD,2022-12-23 01:52:00,52,48,24,16,24,24,8,12,12,8,24,16,272,166,162,201,242,255,283,320,286,262,218,137,2327,1649,1651,1031,869,1095,996,809,734,428,1814,896,7222,4780,5634,672,4236,2396,2044,1036,2788,3294,3899,2689,1.0,30.0,19.0,26.0,5.0,4.0,3.0,0.0,1.0,2,3
KORD,2022-12-23 02:04:00,52,24,20,20,24,12,16,12,4,24,20,8,159,189,181,221,248,298,307,289,291,219,150,129,2019,1459,1373,540,1346,913,979,687,370,1537,1085,783,5948,3968,2385,3422,3043,1670,1609,2847,1825,4864,2210,1518,1.0,30.0,19.0,26.0,5.0,4.0,3.0,0.0,1.0,2,3
KORD,2022-12-23 02:15:00,28,20,16,28,16,16,8,8,16,28,8,0,155,167,212,256,286,296,328,301,197,184,140,161,1187,1694,449,1316,974,1209,402,664,911,1646,816,240,2577,4728,2027,4235,1100,2419,2211,1174,5156,2570,2096,365,1.0,30.0,19.0,26.0,5.0,4.0,3.0,0.0,1.0,2,3
KORD,2022-12-23 02:54:00,20,24,12,8,12,12,24,12,8,8,8,4,264,274,256,347,286,229,228,146,103,125,97,126,1012,1207,883,713,715,494,1844,931,480,218,957,219,4751,2014,2312,812,2350,3728,3898,2259,523,2120,904,439,-1.0,29.0,15.0,23.0,4.0,4.0,2.0,0.0,1.0,2,1
KORD,2022-12-23 03:03:00,24,12,16,12,4,24,20,8,4,8,4,4,261,300,305,299,292,204,164,121,157,74,129,89,1384,806,1120,607,437,1364,1222,825,224,681,399,186,3441,1628,1720,2499,1746,5006,2119,1894,1714,1326,77,1228,-1.0,29.0,15.0,23.0,4.0,4.0,2.0,0.0,1.0,2,1
KORD,2022-12-23 03:24:00,12,8,12,12,24,12,8,8,8,4,4,16,256,347,286,229,228,146,103,125,97,126,100,38,883,713,715,494,1844,931,480,218,957,219,83,1320,2312,812,2350,3728,3898,2259,523,2120,904,439,2889,2691,-1.0,29.0,15.0,23.0,4.0,4.0,2.0,0.0,1.0,2,1
KORD,2022-12-23 03:29:00,16,4,12,16,28,8,0,8,8,4,8,20,279,345,281,199,199,138,153,69,108,123,63,77,988,494,768,788,1797,724,308,599,530,203,446,1115,2430,1979,1062,5397,2673,2077,226,2848,42,608,3819,1932,-1.0,29.0,15.0,23.0,4.0,4.0,2.0,0.0,1.0,2,1
KORD,2022-12-23 03:51:00,12,4,28,16,8,4,12,4,0,16,12,8,297,251,227,144,127,138,98,113,82,62,80,78,730,373,1724,950,716,208,813,332,100,1216,604,408,2860,2852,4155,2837,560,2077,963,341,2316,2643,1075,825,-2.0,30.0,20.0,28.0,4.0,5.0,4.0,0.0,1.0,2,1
KORD,2022-12-23 04:02:00,8,20,24,8,4,8,4,4,12,16,4,4,295,207,166,137,160,74,125,91,64,79,68,57,516,1283,1290,854,219,654,411,209,880,740,435,198,1748,4922,2294,1997,1022,2030,35,1079,3440,1805,841,0,-2.0,30.0,20.0,28.0,4.0,5.0,4.0,0.0,1.0,2,1
KORD,2022-12-23 04:22:00,24,16,8,4,12,4,0,20,8,8,0,0,218,137,138,124,98,113,110,42,79,72,42,83,1814,896,620,239,878,290,51,1234,588,406,18,19,3899,2689,538,2067,957,394,2703,2317,998,788,0,45,-2.0,30.0,20.0,28.0,4.0,5.0,4.0,0.0,1.0,1,1
KORD,2022-12-23 04:52:00,8,4,12,4,0,20,8,8,0,0,8,12,138,124,98,113,110,42,79,72,42,83,65,19,620,239,878,290,51,1234,588,406,18,19,309,1135,538,2067,957,394,2703,2317,998,788,0,45,2429,578,-2.0,29.0,21.0,29.0,4.0,5.0,4.0,0.0,1.0,1,1
KORD,2022-12-23 04:55:00,4,8,8,4,4,16,8,8,0,0,12,8,110,116,96,140,88,57,58,69,50,73,66,19,438,229,930,223,119,1333,441,372,19,14,578,879,497,2194,830,468,2993,2698,459,582,0,89,2900,325,-2.0,29.0,21.0,29.0,4.0,5.0,4.0,0.0,1.0,1,1
KORD,2022-12-23 05:51:00,0,16,12,8,0,0,8,12,4,0,4,0,82,62,80,78,41,84,40,42,21,21,63,27,100,1216,604,408,23,19,211,1232,188,19,95,158,2316,2643,1075,825,0,33,2331,677,273,0,307,282,-5.0,29.0,21.0,28.0,4.0,5.0,4.0,0.0,1.0,1,1
KORD,2022-12-23 06:20:00,12,8,0,0,8,12,4,0,4,0,4,0,79,65,55,60,63,45,21,22,62,28,10,7,548,496,54,17,197,1198,238,19,77,176,205,9,1283,841,0,25,2034,963,292,0,307,282,0,0,-5.0,29.0,21.0,28.0,4.0,5.0,4.0,0.0,1.0,1,1
KORD,2022-12-23 06:39:00,8,0,0,12,8,4,0,4,0,4,0,4,70,51,73,66,19,23,20,61,26,9,7,8,408,20,14,527,929,189,6,244,8,208,6,49,700,0,68,2725,521,0,0,307,282,0,0,859,-6.0,29.0,23.0,31.0,6.0,6.0,4.0,0.0,0.0,1,1
KORD,2022-12-23 06:42:00,4,0,0,12,8,4,0,4,4,0,0,4,69,50,73,64,21,21,50,30,24,9,8,8,342,19,15,725,780,139,6,244,91,124,7,126,358,0,531,2481,302,0,244,63,282,0,0,859,-6.0,29.0,23.0,31.0,6.0,6.0,4.0,0.0,0.0,1,1
KORD,2022-12-23 06:55:00,0,0,12,8,4,0,4,4,0,0,4,0,50,73,66,19,24,49,31,26,9,7,8,26,19,14,578,879,187,6,244,12,204,6,59,205,0,89,2900,325,0,8,299,282,0,0,859,0,-6.0,29.0,23.0,31.0,6.0,6.0,4.0,0.0,0.0,1,1
KORD,2022-12-23 07:24:00,12,8,4,0,4,0,4,0,4,0,8,4,66,19,23,20,61,26,9,7,8,26,5,1,527,929,189,6,244,8,208,6,49,202,433,440,2725,521,0,0,307,282,0,0,859,0,2026,239,-6.0,29.0,23.0,31.0,6.0,6.0,4.0,0.0,0.0,1,1
KORD,2022-12-23 07:34:00,16,4,0,4,0,4,0,0,4,0,12,4,45,20,22,63,28,9,8,6,27,7,2,0,1214,272,25,77,174,207,8,5,242,43,823,599,1295,302,0,307,282,0,0,769,90,1960,71,1063,-8.0,28.0,20.0,28.0,4.0,6.0,4.0,0.0,0.0,1,1
KORD,2022-12-23 07:53:00,4,0,4,0,4,0,0,4,4,8,8,0,22,20,62,26,10,7,7,26,6,1,3,6,200,7,226,27,207,6,41,209,385,485,680,39,114,0,307,282,0,0,859,0,1960,181,960,91,-8.0,28.0,20.0,28.0,4.0,6.0,4.0,0.0,0.0,1,1
KORD,2022-12-23 08:12:00,0,4,4,0,0,4,0,12,0,8,0,12,50,30,24,9,8,8,26,3,1,5,5,18,6,244,91,124,7,126,138,747,117,687,30,737,244,63,282,0,0,859,147,1879,765,310,817,2202,-8.0,28.0,20.0,28.0,4.0,6.0,4.0,0.0,0.0,1,2
KORD,2022-12-23 08:52:00,4,0,0,4,4,8,8,0,8,12,12,16,10,7,8,26,6,1,3,6,3,52,9,13,204,9,26,222,209,663,679,38,582,728,698,908,0,0,859,0,1960,163,978,37,2121,1970,2165,2469,-8.0,28.0,20.0,28.0,4.0,5.0,3.0,0.0,0.0,1,2
KORD,2022-12-23 09:00:00,0,0,4,0,12,0,8,4,8,8,16,20,8,7,10,25,2,1,6,4,39,20,12,22,19,5,221,43,822,264,470,135,737,620,1032,871,0,0,859,961,1065,1056,19,1487,1935,2641,1596,1901,-8.0,28.0,20.0,28.0,4.0,5.0,3.0,0.0,0.0,1,2
KORD,2022-12-23 09:54:00,8,4,8,0,8,12,16,12,12,4,16,44,5,1,4,5,3,53,9,13,24,17,16,56,433,440,677,41,671,651,995,712,581,489,763,2507,2026,239,836,138,2255,2037,1923,2695,617,574,3362,4354,-7.0,28.0,22.0,30.0,4.0,5.0,4.0,0.0,0.0,1,2
KORD,2022-12-23 10:35:00,4,8,12,8,20,8,4,16,32,40,60,64,8,3,53,8,13,21,12,20,36,71,43,147,88,279,869,688,871,867,373,700,1958,1876,2718,1828,0,2028,2082,2128,1788,1639,496,1433,5264,3093,7901,2896,-8.0,28.0,21.0,30.0,4.0,5.0,4.0,0.0,0.0,1,1
KORD,2022-12-23 10:49:00,8,12,8,20,8,4,12,32,44,56,60,44,3,53,7,12,21,13,20,36,71,40,128,170,265,826,659,939,880,380,684,1871,1925,2629,1854,1826,1831,2279,2128,1619,1808,496,1241,5010,3230,7957,2969,4492,-8.0,28.0,21.0,30.0,4.0,5.0,4.0,0.0,0.0,1,1
KORD,2022-12-23 10:55:00,8,12,16,12,12,4,16,44,44,60,56,48,19,37,10,14,23,17,16,57,62,80,141,184,707,616,1038,686,667,467,796,2591,1564,2948,1434,1960,2275,2333,1688,2559,596,790,3720,3939,4256,6641,3139,4724,-8.0,28.0,21.0,30.0,4.0,5.0,4.0,0.0,0.0,1,1
KORD,2022-12-23 11:07:00,12,12,16,12,4,12,40,40,60,56,52,48,52,9,13,23,10,22,55,52,66,142,168,135,728,698,908,673,414,762,2214,1749,2753,1734,1878,2493,1970,2165,2469,903,509,2427,4908,3234,7563,2922,4857,8319,-8.0,28.0,21.0,30.0,4.0,5.0,4.0,0.0,0.0,1,1
KORD,2022-12-23 11:13:00,8,16,16,8,8,20,44,48,64,48,44,56,38,10,24,13,16,18,60,61,83,178,148,142,635,1020,738,679,451,1195,2276,2061,2614,1348,2020,3076,2503,1614,1873,687,786,4560,3349,5651,5369,3448,5688,8667,-8.0,28.0,21.0,30.0,4.0,5.0,4.0,0.0,0.0,2,1
KORD,2022-12-23 11:23:00,12,16,12,4,16,36,48,56,56,48,52,40,8,13,23,10,24,54,52,70,140,185,137,158,957,723,610,435,763,2464,1524,2920,1588,1924,2514,2337,2141,2625,728,523,3125,4480,3414,7483,2953,4673,8490,7647,-8.0,28.0,21.0,30.0,4.0,5.0,4.0,0.0,0.0,2,1
KORD,2022-12-23 12:17:00,12,24,44,60,60,44,48,48,48,52,40,36,18,15,75,52,110,191,137,182,117,200,207,220,619,1748,1996,2455,2067,1699,2180,2560,2255,1784,1740,1790,794,4946,3294,7731,3326,4141,7294,7776,6993,2580,4486,5693,-7.0,28.0,19.0,28.0,5.0,5.0,4.0,0.0,0.0,2,2
KORD,2022-12-23 12:21:00,12,32,48,60,56,44,52,40,60,40,40,40,22,55,52,45,163,150,138,168,136,226,202,268,713,2083,1885,2681,1807,1813,2441,2339,2638,1156,1735,2142,1790,5308,3086,7678,2934,4847,8043,7526,6059,2675,4227,6648,-7.0,28.0,19.0,28.0,5.0,5.0,4.0,0.0,0.0,2,2
KORD,2022-12-23 12:53:00,48,56,56,48,52,40,60,36,40,44,36,40,52,70,140,185,137,158,134,216,214,264,270,328,1524,2920,1588,1924,2514,2337,2399,1276,1764,2173,1586,1512,3414,7483,2953,4673,8490,7647,5355,2831,4010,6887,3063,3658,-9.0,28.0,17.0,26.0,5.0,5.0,4.0,0.0,0.0,2,3
KORD,2022-12-23 13:22:00,56,52,48,40,56,40,40,48,32,44,40,24,142,168,135,167,127,227,208,263,276,311,337,427,1734,1878,2493,2362,2482,1234,1694,2216,1540,1643,2030,843,2922,4857,8319,7483,5768,2717,4107,6818,3132,3272,2941,1711,-9.0,28.0,17.0,26.0,5.0,5.0,4.0,0.0,0.0,2,3
KORD,2022-12-23 13:52:00,48,40,56,40,40,48,32,44,40,24,24,16,135,167,127,227,208,263,276,311,337,427,418,192,2493,2362,2482,1234,1694,2216,1540,1643,2030,843,1089,746,8319,7483,5768,2717,4107,6818,3132,3272,2941,1711,2490,1478,-9.0,27.0,21.0,30.0,4.0,4.0,4.0,0.0,0.0,2,2
KORD,2022-12-23 14:51:00,40,40,36,44,36,32,24,16,24,28,24,48,202,268,234,341,350,414,412,195,256,341,299,389,1735,2142,1555,1736,2019,891,1088,719,1909,1404,1872,2399,4227,6648,3395,2778,3378,1734,2536,1225,5912,4967,5840,9338,-6.0,27.0,20.0,28.0,5.0,4.0,3.0,0.0,0.0,2,2
KORD,2022-12-23 15:52:00,40,24,24,16,32,20,28,48,36,36,44,52,337,427,418,192,261,325,342,371,240,261,252,173,2030,843,1089,746,1983,1304,1921,2548,1759,1662,2982,2367,2941,1711,2490,1478,6045,5207,6041,8509,4649,4346,7100,6241,-4.0,28.0,22.0,32.0,5.0,5.0,3.0,0.0,0.0,2,2
KORD,2022-12-23 17:00:00,32,16,44,44,32,44,52,48,40,36,24,24,309,321,382,302,232,249,255,165,293,290,256,336,2059,1402,2126,2440,1373,2551,2469,2740,1637,2368,917,1065,3737,6242,9446,4362,3118,7840,5960,6395,2133,4595,1111,3052,-3.0,27.0,23.0,31.0,5.0,5.0,3.0,0.0,0.0,2,2
KORD,2022-12-23 17:52:00,36,36,44,52,48,32,36,16,36,36,32,36,240,261,252,173,198,361,235,313,286,291,285,252,1759,1662,2982,2367,2308,1818,1736,792,2035,2087,3714,2792,4649,4346,7100,6241,3622,5026,1827,1736,3287,4930,7830,5778,-4.0,27.0,21.0,30.0,5.0,5.0,3.0,0.0,0.0,2,2
KORD,2022-12-23 18:52:00,48,32,36,16,36,36,32,36,56,60,56,40,198,361,235,313,286,291,285,252,290,275,229,216,2308,1818,1736,792,2035,2087,3714,2792,3130,3842,2083,2330,3622,5026,1827,1736,3287,4930,7830,5778,6413,7771,4154,6592,-2.0,27.0,25.0,33.0,5.0,5.0,3.0,0.0,0.0,2,2
KORD,2022-12-23 19:19:00,36,16,32,36,36,36,44,64,52,48,48,44,274,288,329,266,307,219,326,264,245,197,188,217,2217,716,1496,2523,3171,2852,3356,3645,2260,2486,2218,2534,3315,1337,3217,3731,8229,6247,5846,8197,4632,6696,6663,5496,-2.0,27.0,25.0,33.0,5.0,5.0,3.0,0.0,0.0,2,2
KORD,2022-12-23 19:53:00,36,32,32,44,56,56,52,44,52,44,44,24,277,315,267,257,291,272,221,216,170,217,254,191,2070,2003,3812,2822,3129,3880,2086,2330,2396,2268,2164,1324,3096,5359,7777,5795,6816,7201,4212,6375,8370,3973,4922,4968,-1.0,27.0,25.0,35.0,5.0,4.0,3.0,0.0,0.0,2,2
KORD,2022-12-23 20:36:00,36,52,64,48,44,52,44,44,32,24,56,48,231,307,267,246,199,179,223,253,181,198,186,146,2751,3316,3631,2183,2391,2293,2486,2061,1492,2755,3527,2219,6082,5898,8231,4304,6546,7571,4846,4592,4225,8983,9884,8284,-1.0,27.0,25.0,36.0,4.0,4.0,4.0,0.0,0.0,2,2
KORD,2022-12-23 20:37:00,36,56,60,56,40,52,40,44,32,28,60,44,252,290,275,229,216,169,225,254,179,197,183,155,2792,3130,3842,2083,2330,2335,2389,2200,1332,2841,3555,2174,5778,6413,7771,4154,6592,8192,4160,4829,4494,9412,9128,9225,-1.0,27.0,25.0,36.0,4.0,4.0,4.0,0.0,0.0,2,2
KORD,2022-12-23 20:54:00,52,60,52,40,52,44,44,24,36,56,44,52,283,275,207,220,184,219,238,189,185,195,154,145,3115,3997,2018,2418,2336,2290,2060,1307,2984,3249,2718,3154,7332,6705,4825,6017,8096,3923,4868,5493,9911,7631,10892,6806,-1.0,27.0,25.0,36.0,4.0,4.0,4.0,0.0,0.0,2,2
KORD,2022-12-23 21:07:00,60,56,40,52,40,44,32,28,60,44,52,28,275,229,216,169,225,254,179,197,183,155,149,96,3842,2083,2330,2335,2389,2200,1332,2841,3555,2174,3521,2894,7771,4154,6592,8192,4160,4829,4494,9412,9128,9225,7634,8154,-1.0,27.0,25.0,36.0,4.0,4.0,4.0,0.0,0.0,2,2
KORD,2022-12-23 21:42:00,48,52,44,36,24,44,56,40,56,12,0,0,229,195,236,204,201,181,172,167,135,89,104,95,2293,2677,1822,2162,1317,3354,2792,3419,2771,2930,2466,1217,5350,8156,4332,3767,7437,10997,5019,11161,7824,7756,8109,10164,-2.0,27.0,21.0,31.0,4.0,4.0,4.0,0.0,0.0,2,2
KORD,2022-12-23 21:51:00,52,44,44,32,24,56,48,52,32,0,0,0,179,223,253,181,198,186,146,159,101,99,86,80,2293,2486,2061,1492,2755,3527,2219,3476,2973,2484,1631,2425,7571,4846,4592,4225,8983,9884,8284,8092,8558,8892,6490,10888,-2.0,27.0,21.0,31.0,4.0,4.0,4.0,0.0,0.0,2,2
KORD,2022-12-23 22:52:00,28,60,44,52,28,0,0,0,0,0,0,0,197,183,155,149,96,104,90,76,36,43,66,77,2841,3555,2174,3521,2894,2500,1533,2531,1802,1673,880,439,9412,9128,9225,7634,8154,8880,6900,10906,8612,5003,1296,2177,-1.0,27.0,19.0,28.0,4.0,5.0,4.0,0.0,0.0,2,2
KORD,2022-12-23 23:51:00,32,0,0,0,0,0,0,0,0,0,0,0,101,99,86,80,41,43,62,82,62,64,51,27,2973,2484,1631,2425,1834,1687,929,475,622,208,294,225,8558,8892,6490,10888,8698,5504,1285,2318,1644,990,1013,154,1.0,27.0,21.0,29.0,4.0,4.0,4.0,0.0,0.0,2,2
KPHX,2022-12-23 00:22:00,40,40,44,52,52,60,60,48,56,40,64,36,88,350,112,97,97,169,124,445,169,77,127,198,571,723,791,1341,1347,1646,2127,1391,1856,1913,2596,1487,347,467,563,1112,1502,2068,3815,1933,3129,2856,7366,3861,31.0,26.5,12.0,14.5,6.0,5.5,3.5,0.0,0.0,1,2
KPHX,2022-12-23 00:51:00,44,52,52,56,60,56,56,36,68,36,28,32,130,79,116,171,114,425,198,78,126,178,248,160,814,1352,1303,1540,2104,1509,1783,1844,2647,1581,1494,1492,525,1150,1484,2086,3715,1978,2926,2793,7443,4116,3480,3666,61.0,26.0,3.0,0.0,8.0,7.0,3.0,0.0,0.0,1,2
KPHX,2022-12-23 00:56:00,44,52,48,60,64,48,52,48,60,28,32,28,97,108,127,118,150,467,138,143,102,267,148,125,814,1569,1394,1725,1958,1278,2035,2385,2400,1337,1426,1143,712,1318,1279,2256,4028,2087,3448,3360,7545,2454,3948,3439,61.0,26.0,3.0,0.0,8.0,7.0,3.0,0.0,0.0,1,2
KPHX,2022-12-23 01:40:00,64,60,48,52,44,68,24,32,32,8,32,36,117,142,477,134,75,147,274,157,133,122,148,262,1740,2041,1339,2008,2187,2479,1370,1411,1245,874,1186,1551,2181,3984,2087,3447,3194,7205,2884,3911,3559,2965,2997,2368,60.0,25.0,2.0,0.0,8.0,7.0,3.0,0.0,0.0,1,2
KPHX,2022-12-23 01:51:00,60,56,56,36,68,36,28,32,16,24,32,36,114,425,198,78,126,178,248,160,101,132,223,280,2104,1509,1783,1844,2647,1581,1494,1492,898,1155,1272,1385,3715,1978,2926,2793,7443,4116,3480,3666,2280,3255,2396,3103,60.0,25.0,2.0,0.0,8.0,7.0,3.0,0.0,0.0,1,2
KPHX,2022-12-23 02:11:00,48,52,48,60,28,32,28,12,28,36,44,36,467,138,143,102,267,148,125,120,166,316,149,92,1278,2035,2385,2400,1337,1426,1143,869,1161,1585,1340,1707,2087,3448,3360,7545,2454,3948,3439,2911,2927,2705,3633,3866,60.0,25.0,2.0,0.0,8.0,7.0,3.0,0.0,0.0,1,2
KPHX,2022-12-23 02:53:00,64,32,32,32,12,28,32,40,44,12,16,12,146,278,153,143,113,117,240,268,96,53,55,230,2517,1485,1439,1384,891,1185,1439,1320,1573,943,1084,376,7291,3588,3731,3581,2559,3290,2384,2976,4971,1686,2354,845,59.0,34.0,2.0,0.0,8.0,7.0,3.0,0.0,0.0,1,2
KPHX,2022-12-23 03:51:00,16,24,32,36,44,20,12,16,24,28,12,36,101,132,223,280,107,51,44,234,107,88,75,123,898,1155,1272,1385,1623,1068,1036,356,1512,1385,1362,1336,2280,3255,2396,3103,4599,2259,2051,1251,4482,5275,1897,5551,57.0,12.0,1.0,0.0,8.0,7.0,3.0,0.0,0.0,1,2
KPHX,2022-12-23 04:51:00,44,20,12,16,24,28,12,36,8,12,20,4,107,51,44,234,107,88,75,123,48,176,110,14,1623,1068,1036,356,1512,1385,1362,1336,369,1011,1129,206,4599,2259,2051,1251,4482,5275,1897,5551,2950,5410,3728,1824,55.0,9.0,2.0,0.0,8.0,7.0,3.0,0.0,0.0,1,2
KPHX,2022-12-23 05:09:00,12,20,8,28,28,16,28,8,16,16,4,4,56,56,223,120,86,87,104,63,191,68,17,56,871,1013,357,1786,1243,1397,1080,326,1338,953,47,243,1629,2487,770,5653,4124,3366,4117,3758,6056,2593,1217,420,55.0,9.0,2.0,0.0,8.0,7.0,3.0,0.0,0.0,1,2
KPHX,2022-12-23 05:49:00,20,28,16,28,16,8,24,4,0,12,12,24,105,106,58,141,49,167,120,21,21,76,48,17,1284,1587,1009,1720,379,842,1226,279,50,425,1366,762,3371,6146,1621,5620,3012,4993,4279,2140,0,989,2439,1733,52.0,9.0,6.0,0.0,8.0,7.0,4.0,0.0,0.0,1,2
KPHX,2022-12-23 05:51:00,24,28,12,36,8,12,20,4,0,16,16,20,107,88,75,123,48,176,110,14,24,74,48,31,1512,1385,1362,1336,369,1011,1129,206,176,411,1318,879,4482,5275,1897,5551,2950,5410,3728,1824,77,1275,2531,1825,52.0,9.0,6.0,0.0,8.0,7.0,4.0,0.0,0.0,1,2
KPHX,2022-12-23 06:52:00,8,12,20,4,0,16,16,20,16,12,8,4,65,158,110,14,25,74,47,48,27,35,24,21,365,1107,1181,59,186,484,1235,931,820,461,388,252,3045,5975,3056,1619,131,1277,2682,1751,1640,1461,251,281,51.0,10.0,5.0,0.0,8.0,7.0,3.0,0.0,0.0,2,2
KPHX,2022-12-23 07:52:00,0,16,16,20,16,12,8,4,8,12,4,0,25,74,47,48,27,35,24,21,20,23,3,13,186,484,1235,931,820,461,388,252,513,424,205,4,131,1277,2682,1751,1640,1461,251,281,1507,403,322,0,50.0,10.0,4.0,0.0,8.0,7.0,4.0,0.0,0.0,2,2
KPHX,2022-12-23 08:13:00,12,20,16,20,4,8,4,12,8,4,0,0,61,24,59,21,26,40,20,25,1,4,13,10,922,774,1198,855,77,399,531,396,327,118,5,4,2053,1713,2266,1607,573,449,82,1550,576,106,0,0,50.0,10.0,4.0,0.0,8.0,7.0,4.0,0.0,0.0,2,2
KPHX,2022-12-23 09:04:00,16,4,8,8,8,8,0,0,0,0,0,4,36,8,38,21,23,3,4,20,1,28,6,2,613,289,257,607,360,273,5,4,5,5,280,28,1674,169,406,1052,877,348,2,0,0,0,52,380,49.0,11.0,4.0,0.0,8.0,7.0,3.0,0.0,0.0,2,2
KPHX,2022-12-23 09:58:00,12,8,4,0,0,0,0,4,0,8,4,0,25,1,4,13,10,3,30,1,10,49,29,31,396,327,118,5,4,5,5,298,12,131,256,5,1550,576,106,0,0,0,0,432,0,167,384,65,48.0,10.0,3.0,0.0,8.0,7.0,3.0,0.0,0.0,2,2
KPHX,2022-12-23 10:52:00,0,0,0,4,0,4,8,0,0,16,4,12,11,1,28,6,2,45,31,28,34,127,88,64,5,4,6,292,16,69,307,18,107,449,493,379,0,0,0,317,115,113,438,44,21,595,252,1339,47.0,11.0,4.0,0.0,8.0,7.0,3.0,0.0,0.0,2,2
KPHX,2022-12-23 11:51:00,0,4,8,0,0,16,0,16,8,0,12,24,2,45,30,28,27,135,68,84,24,31,166,332,19,70,307,17,91,466,420,452,554,190,387,1011,205,113,430,52,21,561,170,1455,666,0,638,1138,46.0,9.0,4.0,0.0,8.0,7.0,3.0,0.0,0.0,2,2
KPHX,2022-12-23 12:33:00,0,0,12,4,16,8,0,8,24,16,20,40,30,32,99,101,88,14,37,33,454,60,100,145,21,9,521,379,462,531,149,394,984,870,370,1555,67,65,298,305,1583,532,134,423,932,1411,1706,1503,45.0,10.0,4.0,0.0,8.0,7.0,4.0,0.0,0.0,2,2
KPHX,2022-12-23 12:52:00,0,16,4,12,8,4,12,20,20,24,44,40,34,127,88,64,25,30,166,334,59,139,213,130,107,449,493,379,564,196,442,986,758,716,1510,1388,21,595,252,1339,666,8,727,1154,1111,2145,1569,2615,45.0,10.0,4.0,0.0,8.0,7.0,4.0,0.0,0.0,2,2
KPHX,2022-12-23 13:51:00,8,0,12,24,20,20,44,40,16,32,28,24,24,31,166,332,51,145,112,232,87,261,347,492,554,190,387,1011,801,643,1431,1453,884,1673,1669,984,666,0,638,1138,1192,2112,1376,2817,632,4215,3508,2458,46.0,11.0,4.0,0.0,8.0,7.0,4.0,0.0,0.0,2,2
KPHX,2022-12-23 14:31:00,20,16,16,44,48,20,24,40,16,32,24,28,328,181,105,136,206,133,231,354,441,254,232,253,808,1013,303,1504,1701,510,1774,1712,1076,1463,1491,1216,626,1453,1733,1666,2748,1186,2401,4542,2919,2075,2084,4503,46.0,11.0,5.0,0.0,8.0,7.0,4.0,0.0,0.0,2,2
KPHX,2022-12-23 14:51:00,20,20,44,40,16,32,28,24,28,32,20,36,51,145,112,232,87,261,347,492,246,248,247,227,801,643,1431,1453,884,1673,1669,984,1637,1603,825,1278,1192,2112,1376,2817,632,4215,3508,2458,2051,2912,4025,2328,46.0,11.0,5.0,0.0,8.0,7.0,4.0,0.0,0.0,2,2
KPHX,2022-12-23 15:07:00,24,44,40,12,32,32,24,24,36,20,32,28,139,213,130,85,262,345,512,255,224,255,216,133,716,1510,1388,978,1552,1708,1037,1558,1576,883,1258,1257,2145,1569,2615,688,4469,3216,2512,1975,3111,3909,2685,2965,46.0,11.0,5.0,0.0,8.0,7.0,4.0,0.0,0.0,1,2
KPHX,2022-12-23 15:52:00,12,32,32,24,24,36,20,32,28,20,24,36,85,262,345,512,255,224,255,216,133,297,411,410,978,1552,1708,1037,1558,1576,883,1258,1257,1499,1277,1344,688,4469,3216,2512,1975,3111,3909,2685,2965,1601,3419,3030,50.0,11.0,4.0,0.0,8.0,7.0,3.0,0.0,0.0,1,2
KPHX,2022-12-23 16:52:00,24,36,20,32,28,20,24,36,16,16,12,52,255,224,255,216,133,297,411,410,177,88,229,130,1558,1576,883,1258,1257,1499,1277,1344,329,1208,1411,2451,1975,3111,3909,2685,2965,1601,3419,3030,1838,2015,1777,5661,53.0,10.0,6.0,0.0,8.0,7.0,3.0,0.0,0.0,1,2
KPHX,2022-12-23 17:51:00,28,20,24,32,20,16,12,44,32,40,32,36,120,293,411,411,182,98,230,125,250,160,238,162,1215,1617,1056,1451,449,1111,1270,2607,1056,1573,1053,1442,3411,1578,3163,3144,2044,1727,1563,5845,2790,2034,2191,1843,56.0,11.0,4.0,0.0,8.0,7.0,3.0,0.0,0.0,1,2
KPHX,2022-12-23 18:52:00,16,16,12,52,24,40,32,44,48,20,52,40,177,88,229,130,256,154,245,153,230,152,595,185,329,1208,1411,2451,1023,1556,1088,1474,1908,1329,2184,1839,1838,2015,1777,5661,2548,2212,2041,2012,3205,2395,3980,3881,60.0,12.0,2.0,0.0,8.0,7.0,3.0,0.0,0.0,1,2
KPHX,2022-12-23 18:58:00,12,12,32,48,20,44,24,52,36,28,56,32,136,187,147,114,326,94,274,118,283,348,355,179,586,1061,2233,1836,1116,1624,933,1872,1405,1566,2273,1420,517,2524,3699,4813,1470,2354,1626,3272,2190,2960,5078,2464,60.0,12.0,2.0,0.0,8.0,7.0,3.0,0.0,0.0,1,2
KPHX,2022-12-23 19:51:00,32,40,32,36,48,24,52,44,16,28,40,16,250,160,238,162,230,149,601,186,112,288,99,265,1056,1573,1053,1442,1956,1264,2093,2022,549,872,2270,411,2790,2034,2191,1843,3304,2057,4101,4132,1565,1340,3460,1817,64.0,9.0,2.0,0.0,8.0,7.0,1.0,0.0,0.0,1,2
KPHX,2022-12-23 20:52:00,48,20,52,40,16,32,40,12,32,44,32,20,230,152,595,185,129,275,102,338,267,172,103,172,1908,1329,2184,1839,541,913,2307,336,1303,2498,1217,547,3205,2395,3980,3881,1492,1306,3893,1346,1399,2981,3405,1028,65.0,10.0,3.0,0.0,8.0,7.0,1.0,0.0,0.0,1,2
KPHX,2022-12-23 21:51:00,16,28,40,16,28,40,40,16,8,0,0,0,112,288,99,265,344,166,113,167,102,58,43,49,549,872,2270,411,1237,2255,1477,614,976,1766,1158,245,1565,1340,3460,1817,1239,2900,3644,1030,1722,2610,2775,1048,66.0,22.0,2.0,0.0,8.0,7.0,1.0,0.0,0.0,1,2
KPHX,2022-12-23 22:51:00,28,40,40,16,8,0,0,0,0,0,0,0,344,166,113,167,102,58,43,49,42,51,42,30,1237,2255,1477,614,976,1766,1158,245,233,240,455,429,1239,2900,3644,1030,1722,2610,2775,1048,664,725,423,1576,67.0,24.0,2.0,0.0,8.0,7.0,1.0,0.0,0.0,1,2
KPHX,2022-12-23 23:53:00,4,0,0,0,0,0,0,0,0,0,0,0,91,58,46,49,38,57,36,30,35,38,31,29,1013,1851,1121,134,236,245,465,442,654,682,114,718,1934,2990,2610,583,661,764,399,1754,996,2564,734,834,66.0,25.0,4.0,0.0,8.0,7.0,0.0,0.0,0.0,1,2
KSEA,2022-12-23 00:55:00,8,32,32,28,24,24,40,40,24,32,28,40,83,84,131,68,58,81,164,161,108,63,51,38,342,1350,542,1003,729,832,1836,1370,524,1974,2229,1612,150,856,861,904,998,1236,2193,1812,777,1593,3312,3265,23.0,8.0,11.0,0.0,7.0,7.0,4.0,0.0,0.0,1,1
KSEA,2022-12-23 01:12:00,40,28,28,20,28,40,40,24,28,32,36,40,111,103,66,72,87,161,156,99,63,49,54,116,1373,553,1092,648,980,1704,1415,515,2211,2133,1658,2412,932,797,1065,971,1256,2088,1913,628,2227,3223,2792,3730,23.0,8.0,11.0,0.0,7.0,7.0,4.0,0.0,0.0,1,2
KSEA,2022-12-23 01:55:00,24,24,40,40,24,32,28,40,36,28,28,36,58,81,164,161,108,63,51,38,93,197,66,128,729,832,1836,1370,524,1974,2229,1612,2482,2124,1496,2750,998,1236,2193,1812,777,1593,3312,3265,3549,2933,2363,3472,24.0,8.0,10.0,0.0,7.0,7.0,4.0,0.0,0.0,1,2
KSEA,2022-12-23 02:53:00,24,28,32,36,40,28,28,36,40,28,44,40,122,71,52,20,106,175,89,128,32,72,119,105,584,1904,1857,1791,2766,2088,1410,2455,3753,2159,2565,3982,954,1104,3256,3871,2993,2931,2568,3398,5188,3447,3612,3685,23.0,8.0,11.0,0.0,7.0,7.0,4.0,0.0,0.0,1,2
KSEA,2022-12-23 03:54:00,36,28,28,36,40,28,48,40,40,28,16,8,96,183,80,127,39,64,126,98,96,141,103,88,2625,2116,1418,2692,4060,1597,2880,3965,1841,1312,772,607,3307,2858,2518,3361,5259,3360,3521,4143,5224,1199,1092,596,24.0,9.0,13.0,0.0,7.0,7.0,4.0,0.0,0.0,1,2
KSEA,2022-12-23 04:54:00,40,28,48,40,40,28,16,8,12,8,28,20,39,64,126,98,96,141,103,88,81,84,148,113,4060,1597,2880,3965,1841,1312,772,607,806,1678,1546,1014,5259,3360,3521,4143,5224,1199,1092,596,941,1404,2068,1854,24.0,8.0,13.0,0.0,6.0,7.0,4.0,0.0,0.0,1,2
KSEA,2022-12-23 05:54:00,40,28,16,8,12,8,28,20,12,16,8,0,96,141,103,88,81,84,148,113,80,73,172,58,1841,1312,772,607,806,1678,1546,1014,677,1532,273,428,5224,1199,1092,596,941,1404,2068,1854,827,2220,367,142,25.0,8.0,11.0,0.0,6.0,7.0,4.0,0.0,0.0,1,2
KSEA,2022-12-23 06:56:00,12,12,28,16,12,16,8,4,8,0,12,4,83,80,153,118,83,91,164,33,65,61,70,37,768,1942,1326,1074,663,1423,260,583,252,107,1380,137,997,1885,1772,1572,900,2205,353,362,736,23,1436,211,26.0,8.0,14.0,22.0,6.0,7.0,4.0,0.0,0.0,1,2
KSEA,2022-12-23 07:09:00,8,28,20,12,16,8,0,12,0,12,4,0,84,148,113,80,73,172,58,66,48,83,36,21,1678,1546,1014,677,1532,273,428,404,51,1434,140,26,1404,2068,1854,827,2220,367,142,1000,7,1441,222,0,26.0,8.0,14.0,22.0,6.0,7.0,4.0,0.0,0.0,1,2
KSEA,2022-12-23 07:36:00,20,12,16,8,4,12,0,8,8,0,0,0,109,123,76,132,95,52,66,55,64,23,23,17,1449,782,1487,338,251,562,67,1315,265,23,242,338,2202,723,2226,338,227,1098,0,1393,277,0,0,0,26.0,8.0,12.0,19.0,6.0,7.0,4.0,0.0,1.0,1,2
KSEA,2022-12-23 07:54:00,12,16,8,0,12,0,12,4,0,0,0,0,80,73,172,58,66,48,83,36,21,22,16,18,677,1532,273,428,404,51,1434,140,26,238,591,303,827,2220,367,142,1000,7,1441,222,0,0,0,0,26.0,8.0,12.0,19.0,6.0,7.0,4.0,0.0,1.0,1,1
KSEA,2022-12-23 08:54:00,12,0,12,4,0,0,0,0,0,0,0,0,66,48,83,36,21,22,16,18,13,14,9,8,404,51,1434,140,26,238,591,303,42,167,515,53,1000,7,1441,222,0,0,0,0,0,0,0,0,25.0,8.0,13.0,22.0,6.0,7.0,4.0,0.0,1.0,1,1
KSEA,2022-12-23 09:54:00,0,0,0,0,0,0,0,0,0,0,0,0,21,22,16,18,13,14,9,8,16,10,8,6,26,238,591,303,42,167,515,53,104,480,174,86,0,0,0,0,0,0,0,0,42,127,97,9,25.0,10.0,13.0,0.0,6.0,7.0,4.0,0.0,1.0,1,1
KSEA,2022-12-23 10:55:00,0,0,0,0,0,0,0,0,0,0,0,0,13,14,9,9,15,10,8,7,10,14,9,14,43,399,282,60,99,501,174,66,27,243,76,106,0,0,0,0,46,127,95,7,6,0,0,389,25.0,11.0,12.0,21.0,5.0,5.0,4.0,0.0,1.0,1,1
KSEA,2022-12-23 11:55:00,0,0,0,0,0,0,0,0,0,0,0,0,15,10,8,7,10,14,9,14,16,36,24,29,99,501,174,66,27,243,76,106,369,319,601,34,46,127,95,7,6,0,0,389,65,0,0,0,25.0,11.0,11.0,0.0,6.0,7.0,4.0,0.0,1.0,1,1
KSEA,2022-12-23 12:54:00,0,0,0,0,0,0,0,0,0,0,4,0,10,14,7,15,16,34,27,29,23,21,32,38,28,243,75,92,330,368,607,33,29,29,196,15,6,0,0,378,76,0,0,0,0,6,73,7,26.0,13.0,12.0,21.0,5.0,5.0,4.0,0.0,1.0,1,1
KSEA,2022-12-23 13:02:00,0,0,0,0,0,0,0,0,0,0,4,0,10,10,10,21,20,37,19,32,18,28,34,52,164,119,119,287,323,455,274,33,22,182,46,16,0,0,269,185,0,0,0,0,0,35,51,0,26.0,13.0,12.0,21.0,5.0,5.0,4.0,0.0,1.0,1,1
KSEA,2022-12-23 13:24:00,0,0,0,0,0,0,0,0,4,0,0,0,7,15,16,34,27,29,23,21,32,38,64,36,75,92,330,368,607,33,29,29,196,15,20,27,0,378,76,0,0,0,0,6,73,7,0,0,26.0,13.0,12.0,21.0,5.0,5.0,4.0,0.0,1.0,1,1
KSEA,2022-12-23 13:29:00,0,0,0,0,0,0,0,0,4,0,0,0,8,19,17,40,19,32,17,28,28,50,58,49,125,288,310,280,468,37,22,92,134,16,30,18,125,316,13,0,0,0,0,18,61,7,0,0,26.0,13.0,12.0,21.0,5.0,5.0,4.0,0.0,1.0,1,1
KSEA,2022-12-23 13:37:00,0,0,0,0,0,0,0,4,0,0,0,0,15,16,32,29,24,27,19,27,40,65,36,50,88,303,358,643,33,27,19,214,16,20,26,19,363,91,0,0,0,0,0,79,7,0,0,0,27.0,15.0,8.0,0.0,5.0,5.0,4.0,0.0,1.0,1,1
KSEA,2022-12-23 13:53:00,0,0,0,0,0,0,4,0,0,0,0,0,16,32,29,29,22,20,29,37,69,33,54,31,302,395,610,31,31,16,211,15,20,26,22,30,80,0,0,0,0,0,79,7,0,0,0,0,27.0,15.0,8.0,0.0,5.0,5.0,4.0,0.0,1.0,1,1
KSEA,2022-12-23 14:55:00,0,0,4,0,0,0,0,0,4,4,8,4,23,25,28,37,64,40,51,28,34,50,69,38,29,45,181,14,20,26,26,35,248,466,464,502,0,8,71,7,0,0,0,0,185,141,521,452,27.0,12.0,10.0,0.0,4.0,4.0,4.0,0.0,1.0,1,1
KSEA,2022-12-23 14:59:00,0,0,4,0,0,0,0,0,4,8,4,4,17,28,28,50,58,49,42,24,48,41,69,38,22,92,134,16,30,18,27,100,203,793,148,480,0,18,61,7,0,0,0,40,199,200,452,408,27.0,12.0,10.0,0.0,4.0,4.0,4.0,0.0,1.0,1,1
KSEA,2022-12-23 15:18:00,0,4,0,0,0,0,0,4,8,4,4,0,28,35,68,36,46,40,27,56,71,34,43,47,199,28,16,29,20,33,111,195,840,364,219,54,50,36,0,0,0,0,112,136,516,519,18,24,27.0,12.0,10.0,0.0,4.0,4.0,4.0,0.0,1.0,1,1
KSEA,2022-12-23 15:55:00,0,0,0,0,4,4,8,4,0,0,4,4,64,40,51,28,34,50,69,38,47,72,64,65,20,26,26,35,248,466,464,502,61,111,208,180,0,0,0,0,185,141,521,452,2,24,116,354,28.0,14.0,9.0,0.0,5.0,5.0,4.0,0.0,1.0,1,1
KSEA,2022-12-23 16:34:00,0,0,4,8,8,0,0,4,0,8,4,0,42,24,54,70,34,44,49,78,62,45,74,65,35,117,206,826,479,102,53,150,217,341,291,662,0,116,143,542,488,12,24,99,208,196,584,3,27.0,13.0,10.0,0.0,4.0,5.0,4.0,0.0,1.0,1,1
KSEA,2022-12-23 16:54:00,4,4,8,4,0,0,4,0,8,4,4,4,34,51,69,38,47,71,63,65,46,85,39,33,224,439,516,502,60,96,152,197,494,105,909,363,180,146,521,452,2,24,116,314,176,481,364,613,27.0,13.0,10.0,0.0,4.0,5.0,4.0,0.0,1.0,1,1
KSEA,2022-12-23 17:23:00,12,4,0,0,4,0,8,4,4,4,12,12,71,39,45,73,62,66,46,85,38,34,37,62,561,505,62,67,150,211,507,113,884,374,876,621,525,452,2,24,116,307,183,481,337,620,893,927,27.0,13.0,10.0,0.0,4.0,5.0,4.0,0.0,1.0,1,1
KSEA,2022-12-23 17:54:00,0,0,4,0,8,4,4,4,12,16,8,8,47,71,63,65,46,85,39,33,38,65,91,54,60,96,152,197,494,105,909,363,882,636,331,688,2,24,116,314,176,481,364,613,972,917,1195,919,30.0,12.0,9.0,0.0,5.0,5.0,4.0,0.0,1.0,1,1
KSEA,2022-12-23 18:31:00,4,8,4,0,8,4,16,12,4,8,4,8,63,52,46,90,40,32,46,82,72,61,55,76,209,301,329,283,738,703,622,734,391,478,433,287,113,370,460,127,715,447,1019,1330,867,774,148,167,30.0,15.0,8.0,0.0,4.0,5.0,4.0,0.0,1.0,1,1
KSEA,2022-12-23 18:53:00,8,4,4,4,12,12,12,8,0,8,8,0,46,85,38,34,37,62,94,53,67,62,76,44,507,113,884,374,876,621,363,598,494,304,158,1020,183,481,337,620,893,927,1284,732,452,141,128,292,30.0,15.0,8.0,0.0,4.0,5.0,4.0,0.0,1.0,1,1
KSEA,2022-12-23 19:56:00,12,12,8,8,0,12,4,4,12,8,16,4,35,68,91,52,74,60,76,45,69,77,84,57,836,791,148,723,433,269,233,1226,297,198,786,661,962,972,1074,1003,230,114,106,618,1595,773,876,706,30.0,15.0,8.0,0.0,4.0,5.0,4.0,0.0,1.0,1,1
KSEA,2022-12-23 20:55:00,0,8,8,4,12,8,16,4,16,8,12,12,70,65,74,44,60,86,81,58,74,92,81,96,429,276,162,1167,450,165,804,664,845,390,490,717,254,108,112,506,1601,857,788,797,891,1094,485,806,31.0,14.0,10.0,0.0,4.0,5.0,4.0,0.0,1.0,1,1
KSEA,2022-12-23 21:35:00,0,12,8,12,12,12,12,4,20,0,0,0,44,68,72,76,69,72,83,85,77,102,44,47,871,681,231,799,308,711,830,419,863,739,795,1818,228,1474,1085,438,1171,663,1213,596,690,780,1141,1208,32.0,15.0,8.0,0.0,3.0,4.0,4.0,0.0,1.0,1,1
KSEA,2022-12-23 21:54:00,16,4,16,8,16,8,12,12,0,0,0,0,66,86,80,54,75,86,89,97,69,51,31,22,531,166,816,593,794,475,486,756,786,860,2096,668,1692,871,735,813,939,1092,431,839,750,1096,1538,2601,32.0,15.0,8.0,0.0,3.0,4.0,4.0,0.0,1.0,1,1
KSEA,2022-12-23 22:20:00,12,12,12,12,4,20,0,0,0,0,0,0,76,69,72,83,85,77,102,44,47,19,20,30,799,308,711,830,419,863,739,795,1818,1010,954,245,438,1171,663,1213,596,690,780,1141,1208,2395,2626,1531,32.0,15.0,8.0,0.0,3.0,4.0,4.0,0.0,1.0,1,1
KSEA,2022-12-23 22:54:00,16,8,12,12,0,0,0,0,0,0,0,0,75,86,89,97,69,51,31,22,20,42,20,19,794,475,486,756,786,860,2096,668,954,223,104,280,939,1092,431,839,750,1096,1538,2601,2305,1361,449,20,32.0,17.0,8.0,0.0,3.0,5.0,4.0,0.0,1.0,1,1
KSEA,2022-12-23 23:56:00,0,0,0,0,0,0,0,0,0,0,0,0,63,44,30,23,26,38,19,32,37,26,19,19,808,935,2044,783,820,184,101,387,170,65,86,36,751,1188,1736,2463,2254,1273,366,12,299,17,19,0,33.0,17.0,9.0,0.0,3.0,5.0,4.0,0.0,1.0,1,1
